adj,classified_as,sim_to_person,sim_to_product
dimensional,product,0.13030529,0.20350844
speedy,person,0.24493557,0.1733855
mexican,product,0.28603792,0.3023739
tricky,person,0.261028,0.24015439
valuable,person,0.4217562,0.38263696
sour,product,0.19076782,0.21836865
pleasant,person,0.3731522,0.31406486
largest,product,0.25618696,0.40885305
lifelong,person,0.2680874,0.20270652
delicate,product,0.30352378,0.30371678
4th,person,0.09294963,0.089067996
liberal,person,0.29371595,0.27035916
reddit,person,-0.20100415,-0.22879887
gross,product,0.15050638,0.19880956
split,product,0.2877375,0.33603883
romantic,person,0.33104092,0.26502192
friendly,person,0.5045919,0.3625884
twisted,product,0.11058265,0.15912843
modern,product,0.36911893,0.4489302
real,person,0.56792384,0.54169744
entire,product,0.41021585,0.51438254
mortal,product,0.08393687,0.10152912
bottom,product,0.33292335,0.3863076
inappropriate,person,0.2786944,0.25074637
anime,person,0.06467348,0.03227973
individual,product,0.4294759,0.49779165
academic,person,0.36375046,0.32826054
latter,product,0.4142046,0.47302145
clever,person,0.3442254,0.23167515
happy,person,0.68495846,0.49893856
outside,product,0.4712268,0.5308492
wet,product,0.20420569,0.2588299
gigantic,product,0.07383013,0.25338686
filthy,product,0.038689256,0.09917766
fascist,product,0.05543214,0.093348205
third,product,0.41971004,0.44300324
pathetic,person,0.122279584,0.10786027
closer,person,0.39464867,0.32591975
nicer,person,0.131881,0.058920622
fitting,product,0.24146408,0.24490643
unsullied,person,-0.17407203,-0.18205905
petty,product,0.12188059,0.13726008
sudden,product,0.30885613,0.3227862
musical,person,0.36416066,0.35223162
nice,person,0.5698703,0.41424567
flashy,person,0.16385543,0.13523722
cynical,person,0.2139855,0.14303982
right,person,0.5987026,0.56858176
cutest,person,-0.09433925,-0.13489342
competitive,person,0.4754281,0.45234346
common,product,0.42268288,0.5429893
important,person,0.62368333,0.62365437
functional,product,0.20488364,0.24808764
insert,product,0.027929604,0.054925084
stable,person,0.3901087,0.3556471
special,product,0.4836874,0.49767816
equal,product,0.37161732,0.4090308
international,person,0.4300903,0.42566907
exciting,person,0.51018536,0.37750506
recreational,product,0.20326865,0.25520408
kinda,person,0.0967564,0.036986113
oppressive,product,0.055422843,0.110066056
careful,person,0.44614774,0.39272916
obscure,product,0.2547099,0.28144234
mysterious,product,0.24033523,0.24971628
nasty,person,0.27278614,0.27197802
hardest,product,0.24967897,0.29694885
late,person,0.41356486,0.38642192
biased,product,0.101014376,0.12092459
genuine,person,0.39951658,0.32819188
whole,product,0.5485318,0.62555915
damn,product,0.23467612,0.2534647
separate,product,0.36587846,0.45964324
troll,product,-0.097694635,-0.07506585
credible,person,0.3215487,0.22392046
elementary,product,0.18343556,0.2562337
audio,person,0.23770481,0.21886903
virtual,product,0.2629298,0.3277775
eyed,person,0.2448467,0.1817267
conscious,person,0.30327594,0.25603396
available,person,0.49761975,0.4960004
executive,person,0.3133943,0.28159946
military,product,0.40819335,0.4389825
bigger,product,0.4247365,0.4928645
complete,person,0.45989287,0.4481665
federal,product,0.33029807,0.3956046
bullshit,person,-0.15504992,-0.16619027
ancient,product,0.22488976,0.31160545
southern,product,0.30809104,0.38410205
iconic,product,0.14427811,0.16665888
enjoyable,person,0.30420172,0.19374585
sloppy,product,0.12188709,0.15610671
nearest,product,0.15680379,0.18041658
tiny,product,0.27893084,0.41820693
daily,product,0.31233996,0.3507135
darker,product,0.10375315,0.14468634
free,product,0.5036657,0.50603265
fun,person,0.5548506,0.46930867
official,person,0.4166832,0.39569175
*,product,-0.041309237,-0.03979349
noble,person,0.245175,0.23617125
silent,product,0.2284286,0.26564497
unhealthy,product,0.121091425,0.18005514
european,person,0.4179107,0.40255094
nervous,person,0.35627776,0.29887092
big,product,0.58476174,0.6635597
hot,product,0.3571961,0.48234367
broad,product,0.34832346,0.4119954
double,product,0.33044994,0.37000048
solo,product,0.2117567,0.21258396
live,product,0.43570906,0.46937215
narrow,product,0.28402305,0.38115215
broken,product,0.3152632,0.3788798
lol,person,-0.19859588,-0.23720229
believable,person,0.14788544,0.03577453
worthy,person,0.40063834,0.34877968
congressional,product,0.2948413,0.3002702
furry,person,0.028798819,0.011207521
first,product,0.5483585,0.55503273
fucking,product,0.014115214,0.016926527
weird,person,0.30228388,0.25940108
tremendous,product,0.44151807,0.44519985
mid,person,0.31929314,0.29781413
efficient,product,0.3536234,0.38496673
gorgeous,person,0.25084627,0.17179334
destructive,product,0.17575824,0.26705396
original,product,0.36392355,0.3997934
racial,product,0.17885596,0.2386378
heinous,person,0.02685237,0.013824284
optional,product,0.13952976,0.1566773
sophisticated,product,0.35867822,0.3658421
helpful,person,0.46747482,0.32704902
awkward,person,0.3102938,0.2445848
elder,person,0.1895678,0.120598555
traditional,product,0.4162678,0.48282266
even,product,0.73865545,0.77439374
offline,person,0.052090526,0.027904332
hypocritical,person,0.039177835,0.028995931
judicial,person,0.2720083,0.2638175
10th,person,0.20953447,0.17986536
insignificant,product,0.11569679,0.15147555
urban,product,0.27943742,0.3761865
thoughtful,person,0.2916299,0.17375588
illegal,product,0.30013484,0.3671106
lame,person,0.1404059,0.096482575
economic,product,0.41846895,0.4636888
solar,product,0.15020627,0.26318842
green,product,0.35773826,0.4218737
secure,person,0.46313143,0.37962496
safest,product,0.10847211,0.14958835
cocky,person,0.09504205,0.008099973
civilian,product,0.30089152,0.3177309
environmental,product,0.31263614,0.3835628
very,person,0.7885671,0.7505324
latest,person,0.42566752,0.41327405
macro,product,0.06677365,0.104064524
dull,person,0.21725732,0.20681173
unfinished,product,0.109695554,0.1686557
alien,product,0.19832581,0.20211911
secondary,product,0.23342419,0.33088553
smooth,person,0.35194397,0.30433166
cancerous,product,-0.05590582,-0.0023667812
sovereign,product,0.15305579,0.1803245
stellar,product,0.18341798,0.19076633
personal,product,0.46283418,0.48309845
armored,product,0.052284002,0.10217917
contemporary,product,0.3031628,0.32418317
snapchat,person,-0.33325124,-0.39883804
beneficial,person,0.30142784,0.25802565
joint,product,0.29379606,0.31597137
slow,product,0.4022218,0.46247703
hilarious,person,0.12833303,0.0759235
unfair,product,0.2936169,0.29945612
low,product,0.4864713,0.567211
triple,product,0.20098877,0.23040259
viable,person,0.26727152,0.26192844
online,person,0.38453662,0.36795676
odd,person,0.35883605,0.31587565
rabid,product,-0.026370764,-0.018870115
war,product,0.39568543,0.46821117
fast,product,0.46901476,0.50330096
delicious,person,0.24183017,0.18923807
dishonest,person,0.0681681,0.04416454
cursed,product,0.011590183,0.036766708
cohesive,person,0.11024022,0.108193815
theoretical,product,0.18498176,0.19172227
mega,product,0.080251336,0.15687239
partisan,product,0.23446018,0.24629247
unfortunate,person,0.33512104,0.26307565
unrelated,product,0.14157426,0.1782018
legal,person,0.46312088,0.44005764
irrational,product,0.052770317,0.13783848
clean,person,0.45004803,0.4461698
marvel,person,0.12640905,0.07029408
bloody,product,0.2057243,0.22988111
cheaper,product,0.27343857,0.32222128
moral,product,0.31064367,0.32841206
such,product,0.5900903,0.6919664
simpler,product,0.17711395,0.21650702
marginal,product,0.14564371,0.1958288
electoral,product,0.23603344,0.24223119
popular,product,0.46417773,0.51187104
funny,person,0.388767,0.28479767
instant,product,0.2724985,0.28423214
republican,person,0.3085116,0.29162663
possible,person,0.55451167,0.5157793
overhead,product,0.17293221,0.22384715
seperate,product,-0.18169653,-0.14358246
wild,product,0.30784488,0.32974184
various,product,0.44298512,0.5136308
historic,product,0.32107985,0.3449762
perfect,person,0.53083944,0.46482372
said,person,0.53748226,0.5026289
centrist,person,0.12915677,0.120259464
frequent,product,0.30059803,0.32924867
undeserved,person,-0.065075636,-0.07613635
flawed,product,0.18282282,0.21018976
exclusive,person,0.27337503,0.26483387
notable,product,0.33449453,0.34967208
mythical,product,0.048589766,0.10101169
outrageous,product,0.20109004,0.2055434
advanced,product,0.30584675,0.32295167
ample,person,0.26389217,0.24507725
substantial,product,0.4090287,0.44307053
cute,person,0.30616552,0.2026143
plain,product,0.2657715,0.35425162
criminal,product,0.30692267,0.3241403
social,product,0.4288293,0.4710424
loose,product,0.27083194,0.2845739
rental,product,0.18553114,0.21900284
pretty,person,0.6696258,0.60785306
private,product,0.42702067,0.5335169
previous,product,0.3886336,0.4053229
indoor,product,0.19753444,0.24634695
legit,person,-0.055957437,-0.10054982
effective,person,0.44547313,0.44545078
holy,product,0.26183802,0.30472732
mandatory,product,0.18743706,0.23627204
authentic,person,0.31090903,0.22896951
forced,product,0.35987598,0.40603608
seasonal,product,0.20815372,0.26148033
rare,product,0.41388732,0.44793773
mindless,product,-0.016996384,0.028225303
literal,product,0.1016981,0.10320377
ninja,person,0.017080009,0.003265977
cooler,product,0.13260078,0.18990576
isolated,product,0.27180243,0.34076607
preferred,person,0.342965,0.31892312
dramatic,person,0.38554192,0.37938952
esque,product,-0.06842637,-0.052834153
fashioned,product,0.29715645,0.32727116
formal,person,0.34783196,0.30097628
opposite,product,0.27703154,0.28825605
extreme,product,0.30364847,0.39250994
tyrannical,product,-0.08960259,-0.05557823
classic,product,0.27816182,0.28118205
hard,person,0.64905494,0.64706576
metric,product,0.0007237196,0.06382501
probable,person,0.14714104,0.12300813
accurate,person,0.3492812,0.32720482
main,product,0.3825631,0.46315992
cardiac,product,0.03846723,0.06280315
horrendous,product,0.06912911,0.09037107
major,product,0.42759883,0.50499576
blue,product,0.31590742,0.3844731
distinct,product,0.28423214,0.33513427
laundry,product,0.1488148,0.19862747
generous,person,0.35797298,0.33199453
harder,person,0.42754614,0.42075968
bright,person,0.42159808,0.40291935
biggest,product,0.36826646,0.4578352
complicated,product,0.40536916,0.44553196
objective,person,0.36886966,0.3359304
cross,product,0.3550762,0.3763435
mini,product,0.19396585,0.25119627
wholesome,person,0.150024,0.08944112
mystical,product,0.10025507,0.10188824
fictional,product,0.17002457,0.19158304
coherent,product,0.117694676,0.13889652
leftist,person,0.16049016,0.15867257
selective,product,0.17356086,0.21276402
governmental,product,0.21803242,0.24533623
strategic,product,0.29204595,0.30380237
chaotic,product,0.17965412,0.2592386
set,product,0.49908227,0.54328436
appropriate,person,0.48313272,0.438699
bland,product,0.10226905,0.10612643
infamous,product,0.05198133,0.14350402
snap,person,0.18501621,0.18362331
fluffy,product,0.016369164,0.026009798
due,product,0.44977814,0.52231836
prime,person,0.32154655,0.30425
safer,product,0.2456913,0.28192252
thorough,person,0.25616217,0.21215105
locked,product,0.2626865,0.284428
healthier,person,0.2114482,0.18727899
expensive,product,0.41133142,0.5001984
off,product,0.5124994,0.5512026
fake,product,0.22551244,0.23672748
left,product,0.44878387,0.45989513
informed,person,0.40381527,0.2499783
magical,person,0.26547164,0.2430216
memorable,person,0.3306687,0.25371945
financial,product,0.41728777,0.43130505
highest,product,0.32720244,0.3917495
closed,product,0.28613353,0.34628987
comic,person,0.27512467,0.22139394
mic,product,-0.0946579,-0.07631922
protective,product,0.19352245,0.24841619
interesting,person,0.55444634,0.46043408
intense,product,0.38168907,0.4146678
principal,product,0.26805806,0.29377663
slower,product,0.21725589,0.25908506
streaming,product,0.106680036,0.13234055
naughty,person,0.09077442,0.0016537309
immediate,person,0.41596615,0.36893845
corporate,product,0.37190437,0.4192834
soft,product,0.37286717,0.3960541
malicious,product,0.063138366,0.06826627
permanent,product,0.32476437,0.32565576
essential,product,0.4282987,0.43890643
heroic,person,0.21607035,0.20536506
thick,product,0.20467973,0.2962277
harsh,product,0.2596122,0.30396354
constitutional,person,0.26538765,0.25329697
direct,product,0.3877461,0.3936658
fuzzy,product,0.12294656,0.12548274
tight,person,0.37705034,0.3640405
ideal,person,0.436885,0.43541944
messy,product,0.16294646,0.20800364
frozen,product,0.20911193,0.25314927
positive,person,0.44401252,0.40382266
vicious,product,0.18490434,0.21343452
outer,product,0.12262416,0.2410044
orange,product,0.19911915,0.27173936
blatant,product,0.061820567,0.06304783
harmful,product,0.21299809,0.2588197
electronic,product,0.27073562,0.29564738
idiotic,person,-0.056438923,-0.057929516
flat,product,0.3150097,0.40550417
full,person,0.5902069,0.5544661
pre,person,0.34103346,0.33176368
enormous,product,0.38372684,0.5108565
early,product,0.48117608,0.48284912
spicy,product,0.100110054,0.108184874
back,person,0.59673446,0.57403505
overall,product,0.37944555,0.3954252
difficult,product,0.6188833,0.6281446
problematic,product,0.21502966,0.25460124
overwhelming,product,0.31617182,0.34052402
faster,product,0.33050972,0.36804605
high,product,0.48598576,0.6070653
least,product,0.5499792,0.55380064
huge,product,0.44664246,0.59964246
down,product,0.4911983,0.5259
proper,product,0.39473665,0.41825414
passive,product,0.16063333,0.21730387
outdated,product,0.12108648,0.1977815
heavy,product,0.3237906,0.43527615
domestic,product,0.37398088,0.43817663
higher,product,0.4185319,0.48504484
industrial,product,0.2598542,0.34979618
dark,product,0.33208525,0.39565718
red,product,0.3434955,0.41172928
stealth,product,0.021877348,0.052393317
absurd,person,0.2057395,0.1828779
yellow,product,0.24445766,0.32395554
dem,person,-0.12031889,-0.14711356
external,product,0.235398,0.27635664
consecutive,product,0.22067004,0.2419889
fourth,person,0.36510098,0.36365736
sexual,product,0.26203597,0.26396537
semi,person,0.21993172,0.19992208
additional,product,0.39313364,0.4153751
last,product,0.55273664,0.56642604
total,product,0.31428802,0.40787756
comparable,product,0.29460847,0.36283088
weirdest,product,-0.10353327,-0.1034317
extended,product,0.33776593,0.35568053
democratic,person,0.3497007,0.32747585
rough,product,0.31348443,0.35026693
central,product,0.3385712,0.4197328
minor,product,0.28660053,0.2914821
21st,person,0.29860806,0.258605
vital,product,0.3747909,0.37683254
simple,product,0.48150563,0.53837144
impressive,person,0.4654088,0.41128123
ideological,person,0.22889686,0.22620022
cosmic,product,0.0626148,0.15747654
combo,product,0.031644642,0.033062577
smug,person,0.017180324,-0.026195645
political,person,0.49915558,0.49626768
stunning,person,0.2877429,0.2618454
relevant,person,0.37855434,0.33677304
radical,person,0.27074814,0.2640792
kill,person,0.29699647,0.29378343
short,product,0.4923612,0.5545522
legitimate,person,0.38347995,0.32150644
electric,product,0.21104455,0.30553687
standard,product,0.36482567,0.4398576
fair,person,0.45842594,0.4069972
definitive,person,0.22670925,0.162951
near,product,0.34350008,0.43588316
serious,person,0.51072574,0.5076763
serial,product,0.088160336,0.1292265
wide,product,0.40523708,0.4836656
developed,product,0.37334096,0.46733153
apocalyptic,product,-0.010744572,0.021455169
visible,product,0.28692234,0.37185115
generic,product,0.15101314,0.21031046
tragic,person,0.25466084,0.24380893
psychological,person,0.2643671,0.26191938
artistic,person,0.30811965,0.28274745
genetic,product,0.19572759,0.23868734
logical,person,0.263255,0.1966632
human,product,0.38979864,0.44502777
giant,product,0.23234189,0.3079965
greater,product,0.3666302,0.46483576
organic,product,0.22169006,0.2631852
net,product,0.28055412,0.2987482
easiest,person,0.21308535,0.1897332
easier,person,0.4930548,0.48198384
extra,person,0.43187678,0.4315992
verbal,person,0.15980148,0.13618487
emotional,person,0.38601923,0.37880123
post,person,0.3954667,0.3807739
piss,product,-0.105695486,-0.051207423
silly,person,0.30272657,0.25650656
physical,product,0.40456843,0.43255532
next,person,0.5888817,0.5666169
visual,person,0.2596578,0.25683564
pet,product,0.24022931,0.26641977
unique,product,0.4963895,0.5080376
obvious,person,0.47033775,0.43468124
neat,person,0.25859225,0.21078813
cheap,product,0.37380743,0.4258076
ethical,product,0.23025936,0.24186087
monthly,product,0.24630272,0.26915383
clear,person,0.6013999,0.56553936
much,product,0.6476377,0.7165973
nuclear,product,0.26380467,0.30204368
conventional,product,0.27142966,0.373335
invisible,product,0.17535055,0.23437238
lethal,product,0.12617207,0.1932795
exact,product,0.27150214,0.2781654
above,product,0.37773603,0.45472848
subjective,product,0.12791562,0.15237647
horrific,product,0.120642066,0.1284368
thin,product,0.2782991,0.33891308
basic,product,0.38921458,0.4475739
unlimited,product,0.22165376,0.24805576
digital,product,0.29654658,0.34010768
limited,product,0.44352114,0.49149096
tactical,person,0.21137506,0.20732445
easy,person,0.6172578,0.58313185
civil,product,0.32858914,0.36457342
irrelevant,product,0.19598794,0.20194107
socialist,person,0.21634018,0.19655114
8th,product,0.07127637,0.07603085
subsequent,product,0.2442714,0.30931866
ridiculous,person,0.27668893,0.2482332
empty,product,0.2925949,0.35919607
useful,person,0.49108046,0.4621141
critical,product,0.44991022,0.49402702
epic,product,0.11931288,0.1694175
negative,product,0.35287237,0.40416932
multi,product,0.2533428,0.27134937
similar,product,0.4981779,0.5825556
absolute,product,0.2580154,0.30034655
fancy,product,0.31297934,0.33409417
20th,product,0.27585638,0.28417426
mild,product,0.24376547,0.26227075
quick,person,0.51726335,0.45140505
golden,product,0.26018906,0.3042037
massive,product,0.28414237,0.42545092
minimum,product,0.30750614,0.34453452
sole,person,0.22946489,0.22342563
mental,product,0.28494596,0.34592772
extensive,product,0.35249954,0.4193771
universal,product,0.25896835,0.2980634
painful,product,0.30324066,0.31298518
temporary,product,0.2976417,0.3241278
prior,product,0.35341704,0.37494254
spare,product,0.31146652,0.31834817
arbitrary,product,0.12572104,0.17452538
authoritarian,product,0.09172577,0.13323802
7th,product,0.071084976,0.07527113
inevitable,person,0.29845154,0.2674049
grey,product,0.12747824,0.16400754
foul,person,0.2094521,0.20542878
mass,product,0.25088465,0.38580012
historical,product,0.33413404,0.35888565
front,product,0.43083155,0.46253824
wooden,product,0.1820538,0.30574942
recent,product,0.496593,0.5437089
mutual,person,0.29522538,0.28860927
light,product,0.38848627,0.45484757
relative,product,0.3225971,0.36321115
questionable,person,0.24417728,0.21178031
commercial,product,0.38487393,0.4485551
natural,product,0.390729,0.45283318
collective,product,0.25114757,0.29574335
immune,product,0.16308534,0.2218501
global,product,0.35565984,0.4431038
satisfying,person,0.34895217,0.25247633
practical,person,0.46293044,0.42305404
past,product,0.4898312,0.51870704
concrete,product,0.26823843,0.34384322
public,product,0.49778205,0.6285782
related,product,0.34429657,0.40842313
unexpected,person,0.36493742,0.30474567
constant,product,0.31024498,0.3483075
minimal,product,0.30391335,0.3478732
plastic,product,0.22752416,0.31885296
strict,product,0.27404976,0.30501807
acceptable,person,0.3528986,0.3001101
medieval,product,0.16949338,0.22236437
cold,product,0.35115552,0.44269562
sonic,product,0.0930624,0.101422906
magic,product,0.28809834,0.29700017
respective,product,0.24699342,0.2564869
fresh,person,0.41392338,0.40039968
open,product,0.45728827,0.45770884
correct,person,0.33228195,0.30706823
infinite,product,0.07995075,0.16000533
warm,person,0.43100423,0.40670824
fatal,product,0.15356618,0.22675586
significant,product,0.49430573,0.5475351
unnecessary,product,0.20159912,0.26692307
false,product,0.24410146,0.29331195
purple,product,0.14123666,0.20546442
pure,product,0.28743404,0.33913946
final,person,0.4071862,0.38443398
endless,product,0.2428093,0.28802443
vast,product,0.32314396,0.48545593
valid,person,0.22848672,0.17690861
earlier,product,0.42583787,0.43512583
safe,person,0.49708146,0.47446346
necessary,person,0.5147418,0.5102837
scientific,product,0.335378,0.36373925
raw,product,0.2637849,0.32600892
longer,product,0.5876208,0.62198323
meaningful,person,0.39048505,0.31561404
internal,product,0.28728092,0.364658
controversial,product,0.31585968,0.33697546
upcoming,person,0.329293,0.26891083
realistic,person,0.42489135,0.3345455
judgement,person,0.17330456,0.13820755
mean,product,0.5667116,0.57881683
deep,product,0.37150532,0.45195663
cultural,product,0.36850065,0.3878374
long,product,0.5705387,0.65762424
unpopular,product,0.2139321,0.23763144
alternate,product,0.17997062,0.18537045
further,product,0.44304448,0.4686705
following,product,0.45838892,0.49395812
inactive,product,0.032882214,0.0629819
agricultural,product,0.24091697,0.33264756
affordable,product,0.31773394,0.33476424
affirmative,product,0.132662,0.13284814
adequate,product,0.33486116,0.33886528
addictive,product,0.08806753,0.112993956
steady,person,0.3755964,0.3291886
statistical,product,0.13886905,0.20294404
sticky,product,0.109945774,0.15302414
subtle,person,0.27489984,0.23076534
sufficient,product,0.38254678,0.4054277
static,product,0.118042946,0.20822746
solitary,product,0.12019414,0.20752901
anal,product,-0.057901263,-0.0041211843
anecdotal,person,0.08110589,0.061829865
ammo,product,-0.08176494,-0.027928948
annual,product,0.2896827,0.3481807
stale,product,0.04725176,0.06948358
square,product,0.21035701,0.30056906
ant,product,-0.016239643,0.033433855
stranger,person,0.24979258,0.1817329
armor,product,0.08291733,0.1454863
supernatural,person,0.13416648,0.10715091
superhuman,person,0.08283931,0.07534295
superficial,person,0.10588825,0.1009016
abstract,product,0.1525538,0.17703873
sunny,person,0.21606249,0.19727713
standalone,product,-0.032387137,-0.012422919
starter,person,0.21179402,0.16761309
sustainable,person,0.27949053,0.27811873
severe,product,0.2705859,0.36157012
shaky,person,0.20937842,0.19796193
sharp,product,0.3305828,0.33514857
brutal,product,0.22370833,0.25514185
bulk,product,0.21578121,0.3164165
castle,product,0.16826642,0.21048182
classical,product,0.22680521,0.26968026
classified,product,0.17785853,0.2634384
cognitive,product,0.098914444,0.11531472
brief,person,0.34128994,0.3099296
accidental,person,0.09273368,0.0811342
shill,person,-0.21318746,-0.23223233
shiny,product,0.15722156,0.1608969
sided,product,0.13274658,0.1666736
simplest,product,0.1223259,0.1518386
colossal,product,0.026461422,0.16173267
compelling,person,0.37485266,0.3074417
complex,product,0.33296227,0.43530154
comprehensive,person,0.33773375,0.32805157
cheapest,product,0.105203986,0.13565254
childish,person,0.027022243,0.013408184
chronic,product,0.1263113,0.21917284
sheer,product,0.15564871,0.2283231
automatic,product,0.1982078,0.21124744
bare,product,0.15975428,0.2254529
baseless,person,0.057569027,0.029624224
alt,product,-0.08252418,-0.054054976
alternative,product,0.39837635,0.40791178
sore,person,0.19064116,0.16073602
south,product,0.3486911,0.42062372
spam,product,0.044872046,0.0937677
simplified,product,0.102175415,0.12518036
simplistic,product,0.087387264,0.10939163
societal,product,0.07207537,0.13302052
slightest,person,0.11761981,0.09349358
bittersweet,person,0.10242581,0.082074106
blank,person,0.15842986,0.15792114
bloodied,product,-0.055424213,-0.037948012
blunt,person,0.18898493,0.16876984
bodily,product,0.038715243,0.07930666
bold,person,0.2819398,0.2744745
bracketed,product,-0.19377422,-0.13781905
artificial,product,0.21110702,0.2805059
atomic,product,0.15367919,0.18434107
slippery,product,0.11627519,0.15635872
slight,person,0.26354587,0.2369951
utter,product,0.037821293,0.065294504
vague,person,0.2045427,0.2033143
valerian,product,-0.30150068,-0.2655977
vampire,person,0.06762022,0.06564891
unlikely,person,0.5440373,0.44022208
unprotected,product,0.0006535053,0.05878347
unreal,person,0.041703105,0.01309222
unrealistic,person,0.22991014,0.20803487
unredacted,person,-0.20895445,-0.25378323
unsafe,product,0.12741685,0.20794433
valyrian,product,-0.3449676,-0.3285929
liquid,product,0.16048443,0.28751034
literary,person,0.2685783,0.2280463
lasting,product,0.29563725,0.30800748
magnificent,product,0.29138875,0.29329538
manual,person,0.17690432,0.17230934
marital,person,0.10493392,0.10253793
lengthy,product,0.23900127,0.27753317
как,person,-0.33761334,-0.36665225
19th,product,0.23802972,0.26807594
tidal,product,0.049331248,0.16576695
traumatic,person,0.13569748,0.11771226
trivial,product,0.123679996,0.15161365
sustained,person,0.29406798,0.27954137
sweeping,product,0.2210437,0.295465
systemic,product,0.009869099,0.118789494
cinematic,person,0.17239255,0.15423429
unserious,person,-0.23509574,-0.23721385
tangible,person,0.22101212,0.19083297
tasty,person,0.18347979,0.12870848
technological,product,0.26148868,0.29009295
tense,person,0.25436842,0.22031856
terminal,product,0.12495434,0.20308661
terrifying,product,0.14668971,0.15618813
theatrical,person,0.24960506,0.22990447
thematic,product,0.021271706,0.052368164
stressful,person,0.21543503,0.19917881
stricter,product,0.09448677,0.14164162
unsolicited,person,0.06579715,0.017305613
unspoken,product,0.011232078,0.038950264
unstoppable,person,0.052403867,0.049266458
ulterior,person,-0.049230456,-0.064962864
unbiased,person,0.07322693,0.025684834
uncanny,person,0.063812554,0.016275942
uncommon,product,0.278987,0.33414567
underground,product,0.2053625,0.3062539
underlying,product,0.18817782,0.2556367
unedited,person,-0.09215021,-0.10205555
throwaway,person,-0.062392473,-0.07019901
uncomfortable,person,0.3254043,0.29009414
nonsensical,person,-0.056552052,-0.0722276
noticeable,product,0.17107356,0.19656056
nuanced,person,0.08925301,0.042743325
mundane,product,0.1468299,0.15728223
hairy,product,0.027828455,0.059164822
harmless,product,0.16541868,0.18541342
fundamental,product,0.3237872,0.37717378
hidden,product,0.25858843,0.3537075
hive,product,-0.064719796,-0.033352375
hollow,product,0.12717211,0.20709664
gray,product,0.20928037,0.25770748
counter,product,0.34796262,0.3677839
immense,product,0.2491368,0.36388314
heated,product,0.20297688,0.28072917
imperialist,product,-0.07508588,-0.025856972
impossible,person,0.49982053,0.4881264
incomplete,product,0.13353693,0.19290781
incorrect,product,0.13300955,0.14583027
homemade,product,0.13888943,0.21235865
hopeless,person,0.12519515,0.09755373
n,product,0.079331756,0.13677675
narrative,product,0.22722822,0.24373084
naval,product,0.17849869,0.1993348
humanitarian,person,0.25489378,0.24977708
favorable,person,0.31170905,0.27899623
fetal,product,-0.05048418,-0.006333351
existential,product,-0.02091074,0.019791842
outdoor,product,0.2825566,0.3455522
overused,product,-0.12428141,-0.10846448
parallel,product,0.21279734,0.2693485
obsidian,product,-0.15392745,-0.12528682
fiscal,product,0.2427963,0.28306133
flaming,product,-0.054595232,0.04057908
flip,product,0.15515041,0.17207575
focal,product,0.07050121,0.16210926
neoliberal,product,-0.15034544,-0.09701252
ole,person,0.025381923,0.0073317885
ongoing,person,0.35573232,0.3444165
optimal,product,0.11640257,0.14955068
fried,product,0.09189135,0.13000858
frontal,product,-0.01749146,0.06684905
firearm,product,0.0022453666,0.05941862
firm,product,0.32978427,0.33579445
genital,product,-0.05292785,0.016917765
gentle,person,0.28086567,0.2344091
glorious,person,0.2318728,0.21777475
foreseeable,person,0.113878846,0.08138245
far,product,0.59310466,0.642075
interpersonal,product,0.014547169,0.016450763
invasive,product,0.029078066,0.10587853
+1,product,-0.06568539,-0.0514704
widespread,product,0.26730478,0.37381673
wiki,person,-0.058621526,-0.08870709
viral,product,0.05229217,0.11954248
micro,product,0.07560682,0.16621733
vertical,product,0.10019046,0.21287465
lighter,product,0.19723088,0.23390621
wishful,person,0.0031292439,0.0017962456
wobbly,product,0.05060053,0.062704384
worldwide,product,0.28670657,0.36887348
worthwhile,person,0.29002178,0.23423856
unusual,product,0.49738103,0.521676
mighty,product,0.20175803,0.20531595
initial,product,0.35633546,0.40259147
inner,product,0.24791306,0.33944726
inside,product,0.4417194,0.5117435
institutional,product,0.23322201,0.255203
insufficient,product,0.22030938,0.26852047
intentional,person,0.073154986,0.072514415
interactive,product,0.22896361,0.23213172
imminent,person,0.1990059,0.15497309
immortal,product,0.024726987,0.039936543
imperial,product,0.14280564,0.2010076
legislative,product,0.28540623,0.29241145
monetary,person,0.27352178,0.24022973
mathematical,product,0.16425443,0.16937983
maximum,product,0.2506662,0.30552864
ironic,person,0.2010948,0.13347632
juicy,person,0.12701172,0.07939786
inherent,product,0.15694314,0.19845831
meaningless,person,0.16917819,0.16345441
meme,product,-0.16866255,-0.11134958
meta,product,-0.13549376,-0.11078727
longest,product,0.19300961,0.24585736
later,product,0.46460378,0.47471535
lawful,person,0.13544536,0.09978658
misleading,product,0.15429324,0.20209181
darkest,product,0.006623864,0.04637927
deadly,product,0.22916931,0.31596172
deeper,product,0.23083538,0.28568244
definite,person,0.23359585,0.18591505
convincing,person,0.37430042,0.27343792
cordial,person,0.15987861,0.046148837
redacted,product,-0.11914539,-0.10795987
reduced,product,0.3056593,0.41453487
regulatory,product,0.21953136,0.26270163
relatable,person,-0.07166982,-0.15602028
remote,product,0.26806128,0.34807622
faux,person,0.026343346,0.025369704
demographic,product,0.16575646,0.17622852
dental,product,0.10646045,0.118858516
depressing,product,0.15184146,0.18975109
derogatory,person,0.028949916,0.011457562
descriptive,person,0.05554682,0.040394545
detailed,person,0.32863516,0.3190471
devastating,product,0.20680302,0.24889511
crude,product,0.17594862,0.2181058
rampant,product,0.09040558,0.1749394
rapid,product,0.301391,0.34004426
precise,person,0.31329638,0.29766357
removed,product,0.25799185,0.3284533
repetitive,product,0.075038075,0.12513578
reproductive,product,0.09402466,0.13899612
reputable,person,0.1614337,0.071695685
consensual,person,0.0437032,0.0024272203
considerable,product,0.35827196,0.43794715
constructive,person,0.3128993,0.19379544
contested,product,0.14608836,0.16739106
continued,product,0.45103127,0.4632033
continuous,product,0.251871,0.32171488
convenient,person,0.33321166,0.31401706
cosmetic,product,0.0865767,0.09111041
damned,product,0.10365039,0.11739105
crippling,product,0.050489426,0.1168406
crowded,product,0.26230407,0.34282744
crucial,product,0.4028502,0.40353203
confusing,product,0.23418337,0.25576723
respawn,person,-0.16719997,-0.20534396
reverse,product,0.23670161,0.259673
rhetorical,product,0.07430917,0.11131251
risky,product,0.26477134,0.32681322
royal,person,0.27046704,0.26805842
sacred,product,0.2079804,0.29258657
saddest,person,-0.035429478,-0.03961253
rear,product,0.1538707,0.20732045
yearly,product,0.1692121,0.22955441
empirical,product,0.04067564,0.06220156
ended,person,0.37826383,0.36750782
drastic,product,0.18694961,0.20122439
dry,product,0.28099734,0.374233
dual,product,0.23005033,0.24420786
eventual,person,0.17964184,0.13352185
evolutionary,product,0.111611485,0.117451906
exaggerated,product,0.14752966,0.19370389
excess,product,0.21166277,0.32398224
excessive,product,0.20445716,0.3128435
egregious,product,0.015185654,0.040756226
predictable,person,0.27735436,0.24289316
philosophical,person,0.2041384,0.18307668
pink,product,0.19579715,0.245444
pixelated,person,-0.21983147,-0.22164798
oral,product,0.14392096,0.17067152
explicit,person,0.19071853,0.15808529
explosive,product,0.20975596,0.2820115
express,person,0.29186916,0.27705824
facial,product,0.12705988,0.1279962
factual,person,0.09009409,0.07797778
equivalent,product,0.25487304,0.30672944
fatty,product,0.0045822263,0.0689677
elaborate,product,0.2543943,0.300282
prequel,person,-0.053287864,-0.08245373
disappointing,person,0.33306813,0.2788297
disproportionate,product,0.06945276,0.17007637
divine,product,0.1718589,0.19776511
downward,product,0.12843603,0.18286723
deliberate,person,0.1682806,0.1549223
presidential,person,0.3331713,0.32145774
primitive,product,0.13291442,0.24221241
profitable,product,0.30233514,0.3244968
promotional,person,0.25930667,0.23474228
embarrassing,person,0.2505424,0.22049248
easter,product,0.15696794,0.19506067
educational,product,0.3762722,0.39355004
ego,product,0.13490582,0.15586638
diplomatic,person,0.36100817,0.28499895
dire,product,0.15146232,0.19581258
pointless,person,0.086087584,0.082442224
pointy,product,-0.052387953,-0.03478408
polar,product,0.08047795,0.15336376
populated,product,0.14133686,0.2497347
portal,product,0.0654251,0.12954134
parental,person,0.17142737,0.16238117
partial,product,0.19499725,0.20992678
plausible,person,0.18175942,0.0961107
