adj,p_person_given_adj,normalized_ratio
dimensional,0.03076923076923077,0.5994293619743243
speedy,0.03076923076923077,0.5994293619743243
mexican,0.03076923076923077,0.5994293619743243
tricky,0.03076923076923077,0.5994293619743243
Mexican,0.030737704918032786,0.5988151925460719
valuable,0.03070175438596491,0.5981148238998191
Big,0.030685920577617327,0.5978063582866681
sour,0.030612244897959183,0.5963710489030266
pleasant,0.030612244897959183,0.5963710489030266
largest,0.03056768558951965,0.595502968773619
lifelong,0.030303030303030304,0.5903470989141072
delicate,0.030303030303030304,0.5903470989141072
4th,0.03017241379310345,0.5878024993498223
liberal,0.029684601113172542,0.5782991989362682
Small,0.02962962962962963,0.5772282744937938
reddit,0.02959830866807611,0.576618096613779
Amazing,0.029556650246305417,0.5758065299753361
Cuban,0.029411764705882353,0.5729839489460452
gross,0.029411764705882353,0.5729839489460452
split,0.029411764705882353,0.5729839489460452
romantic,0.029411764705882353,0.5729839489460452
friendly,0.029339853300733496,0.5715830101955659
twisted,0.02912621359223301,0.567420997985404
modern,0.029104477611940297,0.5669975494794447
real,0.029087146470452976,0.5666599136392138
entire,0.029007847533632287,0.5651150550283445
mortal,0.028901734104046242,0.5630478111030502
bottom,0.0288659793814433,0.5623512571099331
inappropriate,0.028846153846153848,0.561965026850929
anime,0.028846153846153848,0.561965026850929
Fake,0.028846153846153848,0.561965026850929
individual,0.02882205513784461,0.5614955489671771
academic,0.02857142857142857,0.5566129789761582
latter,0.02857142857142857,0.5566129789761582
clever,0.028455284552845527,0.5543503245900763
happy,0.02838221381267739,0.552926800307442
outside,0.02830188679245283,0.5513619131367605
wet,0.028169014084507043,0.5487733595539588
gigantic,0.028169014084507043,0.5487733595539588
Unsullied,0.028169014084507043,0.5487733595539588
filthy,0.028169014084507043,0.5487733595539588
fascist,0.028037383177570093,0.546208998060716
third,0.027950310559006212,0.5445126968245027
pathetic,0.027932960893854747,0.5441747001163557
closer,0.027777777777777776,0.5411515073379316
nicer,0.027777777777777776,0.5411515073379316
fitting,0.027777777777777776,0.5411515073379316
unsullied,0.027777777777777776,0.5411515073379316
petty,0.027692307692307693,0.5394864257768919
sudden,0.027559055118110236,0.5368904718470817
musical,0.027522935779816515,0.5361868146100607
nice,0.0275049115913556,0.5358356772069107
flashy,0.0273972602739726,0.5337384729908367
cynical,0.0273972602739726,0.5337384729908367
right,0.027391975308641976,0.5336355141804603
Yea,0.02727272727272727,0.5313123890226965
cutest,0.02727272727272727,0.5313123890226965
competitive,0.027259684361549498,0.5310582941451151
common,0.027110117384013414,0.5281445119128164
important,0.02709744658676394,0.5278976663557102
functional,0.02702702702702703,0.5265257909233929
insert,0.02666666666666667,0.5195054470444144
stable,0.026615969581749048,0.5185177941032653
special,0.026543566070398154,0.5171072684083178
equal,0.026476578411405296,0.5158022513933849
international,0.026113671274961597,0.5087322926126177
Great,0.026016260162601626,0.5068345824823555
Islamic,0.025974025974025976,0.5060117990692348
Terrible,0.025974025974025976,0.5060117990692348
exciting,0.025974025974025976,0.5060117990692348
recreational,0.025974025974025976,0.5060117990692348
kinda,0.025943396226415096,0.5054150870420305
oppressive,0.02564102564102564,0.49952446831193686
careful,0.02564102564102564,0.49952446831193686
Pure,0.02564102564102564,0.49952446831193686
obscure,0.025423728813559324,0.49529121010590355
mysterious,0.025210084033613446,0.4911290990966102
nasty,0.025157232704402517,0.49009947834378714
Super,0.025,0.48703635660413847
hardest,0.025,0.48703635660413847
late,0.025,0.48703635660413847
biased,0.025,0.48703635660413847
genuine,0.024930747922437674,0.48568722542240955
whole,0.024714828897338403,0.48148080881017485
Same,0.024691358024691357,0.4810235620781614
damn,0.02466367713004484,0.4804842979951141
separate,0.02457002457002457,0.47865980993035717
troll,0.024390243902439025,0.47515742107720826
credible,0.024193548387096774,0.4713255063911017
elementary,0.02403846153846154,0.4683041890424408
Republican,0.023980815347721823,0.46718115741404165
audio,0.023972602739726026,0.46702116386698206
virtual,0.023952095808383235,0.4666216590219291
eyed,0.023880597014925373,0.4652287585472367
conscious,0.023809523809523808,0.4638441491467985
available,0.023722627737226276,0.4621512872885985
executive,0.023529411764705882,0.4583871591568362
military,0.023521932612841703,0.4582414544018594
bigger,0.023493975903614458,0.45769681704967224
complete,0.023308698123934053,0.45408733645866234
federal,0.023291925465838508,0.45376058068708547
Worst,0.023255813953488372,0.45305707591082645
bullshit,0.023255813953488372,0.45305707591082645
ancient,0.02318840579710145,0.4517438669951429
southern,0.023148148148148147,0.4509595894482763
iconic,0.023121387283236993,0.45043824888244016
enjoyable,0.022988505747126436,0.4478495233141503
sloppy,0.022988505747126436,0.4478495233141503
nearest,0.022900763358778626,0.44614017398852374
tiny,0.02286282306163022,0.44540104182485823
daily,0.022818791946308724,0.44454325166552233
darker,0.02247191011235955,0.43778548908237164
Christian,0.02242152466367713,0.43680390726828555
free,0.02229712211563391,0.434380364718236
fun,0.02224824355971897,0.43342813936668056
Gorgeous,0.022222222222222223,0.43292120587034527
official,0.02216427640156454,0.4317923370154031
*,0.022090059473237042,0.4303464833205641
Modern,0.022058823529411766,0.42973796170953393
noble,0.021897810218978103,0.42660118826639865
silent,0.02185792349726776,0.4258241369216511
unhealthy,0.021739130434782608,0.4235098753079465
european,0.021739130434782608,0.4235098753079465
nervous,0.021739130434782608,0.4235098753079465
big,0.021584101930208235,0.4204896945864388
hot,0.021545667447306793,0.41974093496562753
broad,0.021505376344086023,0.41895600568097935
double,0.02145214521452145,0.41791898586493725
solo,0.02142857142857143,0.4174597342321187
live,0.02138157894736842,0.4165442523588026
narrow,0.02127659574468085,0.4144990268971391
broken,0.02127659574468085,0.4144990268971391
lol,0.02127659574468085,0.4144990268971391
believable,0.021052631578947368,0.41013587924559025
Weird,0.021052631578947368,0.41013587924559025
worthy,0.02100840336134454,0.4092742492471752
congressional,0.02097902097902098,0.40870183770976654
furry,0.020942408376963352,0.40798857097728874
first,0.020809798442237945,0.40540513659896177
fucking,0.02078913873568095,0.4050026554705606
weird,0.02071563088512241,0.4035706156418473
tremendous,0.020618556701030927,0.4016794693642379
Blue,0.020618556701030927,0.4016794693642379
mid,0.020496224379719527,0.3992962578415806
efficient,0.02027027027027027,0.3948943431925447
gorgeous,0.02023121387283237,0.39413346777213515
European,0.020202020202020204,0.39356473260940483
destructive,0.020202020202020204,0.39356473260940483
original,0.02018966044661976,0.3933239465998548
racial,0.0200445434298441,0.3904968560745876
Golden,0.02,0.38962908528331075
heinous,0.02,0.38962908528331075
Horrible,0.02,0.38962908528331075
optional,0.02,0.38962908528331075
sophisticated,0.02,0.38962908528331075
helpful,0.0199203187250996,0.38807677817062824
awkward,0.01984126984126984,0.3865367909556654
elder,0.019801980198019802,0.3857713715676344
traditional,0.01978021978021978,0.38534744698349416
Multiple,0.019650655021834062,0.3828233370687551
FUCKING,0.0196078431372549,0.38198929929736347
even,0.0196078431372549,0.38198929929736347
Incredible,0.0196078431372549,0.38198929929736347
offline,0.0196078431372549,0.38198929929736347
hypocritical,0.0196078431372549,0.38198929929736347
judicial,0.019417475728155338,0.37828066532360266
Soviet,0.019230769230769232,0.37464335123395265
10th,0.019230769230769232,0.37464335123395265
insignificant,0.019230769230769232,0.37464335123395265
urban,0.019230769230769232,0.37464335123395265
thoughtful,0.01910828025477707,0.3722570878502969
illegal,0.019088016967126194,0.37186232953868475
lame,0.01904761904761905,0.37107531931743887
economic,0.01903807615230461,0.3708894098388229
solar,0.0189873417721519,0.3699010303322571
green,0.018957345971563982,0.3693166685149865
secure,0.018867924528301886,0.3675746087578403
Nordic,0.018867924528301886,0.3675746087578403
safest,0.018867924528301886,0.3675746087578403
cocky,0.018867924528301886,0.3675746087578403
Eastern,0.018867924528301886,0.3675746087578403
BIG,0.018867924528301886,0.3675746087578403
Lovely,0.018867924528301886,0.3675746087578403
civilian,0.018779342723004695,0.3658489063693059
Democratic,0.01875,0.3652772674531038
environmental,0.018604651162790697,0.36244566072866113
very,0.018558951965065504,0.36155537389826875
latest,0.018518518518518517,0.36076767155862105
macro,0.018518518518518517,0.36076767155862105
dull,0.018518518518518517,0.36076767155862105
False,0.018518518518518517,0.36076767155862105
unfinished,0.018518518518518517,0.36076767155862105
alien,0.018433179723502304,0.35910514772655366
secondary,0.018315018315018316,0.35680319165138347
smooth,0.018292682926829267,0.35636806580790614
cancerous,0.01818181818181818,0.3542082593484643
sovereign,0.01818181818181818,0.3542082593484643
stellar,0.01818181818181818,0.3542082593484643
personal,0.018155619596541786,0.3536978728076164
armored,0.017857142857142856,0.34788311186009885
contemporary,0.017857142857142856,0.34788311186009885
snapchat,0.017857142857142856,0.34788311186009885
beneficial,0.017857142857142856,0.34788311186009885
joint,0.017857142857142856,0.34788311186009885
slow,0.017804154302670624,0.34685081775962384
hilarious,0.017777777777777778,0.34633696469627623
unfair,0.017777777777777778,0.34633696469627623
low,0.017708333333333333,0.3449840859279314
triple,0.017699115044247787,0.34480450025071746
Mad,0.017699115044247787,0.34480450025071746
viable,0.01762114537444934,0.34328553769454695
online,0.017587939698492462,0.34263864283708234
odd,0.017587939698492462,0.34263864283708234
rabid,0.017543859649122806,0.3417798993713252
war,0.017543859649122806,0.3417798993713252
fast,0.017543859649122806,0.3417798993713252
delicious,0.017543859649122806,0.3417798993713252
dishonest,0.017543859649122806,0.3417798993713252
cursed,0.017543859649122806,0.3417798993713252
cohesive,0.017543859649122806,0.3417798993713252
theoretical,0.017543859649122806,0.3417798993713252
mega,0.017543859649122806,0.3417798993713252
partisan,0.01744186046511628,0.33979280693311986
Short,0.017391304347826087,0.33880790024635715
unfortunate,0.017341040462427744,0.3378286866618301
unrelated,0.017341040462427744,0.3378286866618301
legal,0.01732811626607043,0.337576904521594
irrational,0.017241379310344827,0.3358871424856127
clean,0.017208413001912046,0.3352449108556211
marvel,0.017167381974248927,0.3344455667667903
bloody,0.017064846416382253,0.33244802498576004
Good,0.017063081695966906,0.3324136456656994
cheaper,0.017045454545454544,0.33207024313918526
moral,0.017015706806282723,0.3314907139190471
such,0.016979987871437233,0.33079485712349
simpler,0.01694915254237288,0.3301941400706023
marginal,0.01694915254237288,0.3301941400706023
electoral,0.01694915254237288,0.3301941400706023
popular,0.016888888888888887,0.3290201164614624
funny,0.01684836471754212,0.3282306466707771
instant,0.01680672268907563,0.3274193993977401
republican,0.01675977653631285,0.32650482006981346
possible,0.016736401673640166,0.32604944375172445
overhead,0.016666666666666666,0.32469090440275894
Creative,0.016666666666666666,0.32469090440275894
seperate,0.016666666666666666,0.32469090440275894
wild,0.016638935108153077,0.3241506533139024
various,0.01653944020356234,0.3222123478806005
historic,0.01652892561983471,0.32200750849860393
perfect,0.01651722510618216,0.32177956547701453
said,0.01639344262295082,0.31936810269123833
centrist,0.01639344262295082,0.31936810269123833
frequent,0.01639344262295082,0.31936810269123833
undeserved,0.01639344262295082,0.31936810269123833
flawed,0.01639344262295082,0.31936810269123833
exclusive,0.01639344262295082,0.31936810269123833
notable,0.016260162601626018,0.3167716140514722
mythical,0.016129032258064516,0.31421700426073446
outrageous,0.016129032258064516,0.31421700426073446
advanced,0.016129032258064516,0.31421700426073446
ample,0.016129032258064516,0.31421700426073446
substantial,0.016129032258064516,0.31421700426073446
cute,0.01607142857142857,0.31309480067408896
plain,0.016,0.3117032682266486
criminal,0.01598173515981735,0.311347442577988
social,0.01592583788923223,0.31025848245759235
loose,0.015873015873015872,0.30922943276453235
rental,0.015873015873015872,0.30922943276453235
pretty,0.01583710407239819,0.30852981866325513
private,0.015829318651066758,0.3083781473336596
previous,0.015690376569037656,0.3056713535172417
indoor,0.015625,0.30439772287758654
legit,0.015625,0.30439772287758654
effective,0.015584415584415584,0.30360707944154086
holy,0.015552099533437015,0.3029775157724034
mandatory,0.015544041450777202,0.30282053260360936
authentic,0.015384615384615385,0.29971468098716214
forced,0.015384615384615385,0.29971468098716214
seasonal,0.015384615384615385,0.29971468098716214
rare,0.015384615384615385,0.29971468098716214
Arab,0.015384615384615385,0.29971468098716214
mindless,0.015384615384615385,0.29971468098716214
Live,0.015384615384615385,0.29971468098716214
literal,0.015317286652078774,0.29840301936358593
ninja,0.015228426395939087,0.29667189234769853
cooler,0.015151515151515152,0.2951735494570536
isolated,0.015151515151515152,0.2951735494570536
preferred,0.015151515151515152,0.2951735494570536
dramatic,0.015151515151515152,0.2951735494570536
esque,0.015151515151515152,0.2951735494570536
fashioned,0.015151515151515152,0.2951735494570536
formal,0.015,0.29222181396248303
opposite,0.014975041597337771,0.2917355879825122
extreme,0.014945652173913044,0.2911630392742132
tyrannical,0.014925373134328358,0.29076797409202293
Whole,0.014925373134328358,0.29076797409202293
classic,0.014900662251655629,0.290286570161407
hard,0.014796102490075786,0.28824959394831723
metric,0.014705882352941176,0.2864919744730226
probable,0.014705882352941176,0.2864919744730226
accurate,0.014705882352941176,0.2864919744730226
main,0.01464238783555472,0.2852550089365331
High,0.014598540145985401,0.28440079217759906
cardiac,0.014492753623188406,0.2823399168719643
horrendous,0.014492753623188406,0.2823399168719643
Nice,0.014428412874583796,0.28108646552070143
major,0.014428031604259704,0.28107903782032034
blue,0.014369693011103853,0.2799425171859189
distinct,0.014285714285714285,0.2783064894880791
laundry,0.014285714285714285,0.2783064894880791
generous,0.014285714285714285,0.2783064894880791
harder,0.014084507042253521,0.2743866797769794
bright,0.014044943820224719,0.27361593067648227
biggest,0.013957307060755337,0.27190863915501984
complicated,0.013953488372093023,0.2718342455464959
objective,0.013888888888888888,0.2705757536689658
cross,0.013888888888888888,0.2705757536689658
mini,0.013888888888888888,0.2705757536689658
wholesome,0.013888888888888888,0.2705757536689658
mystical,0.013888888888888888,0.2705757536689658
Biggest,0.013888888888888888,0.2705757536689658
Public,0.013888888888888888,0.2705757536689658
fictional,0.013824884792626729,0.2693288607949153
coherent,0.013793103448275862,0.2687097139884902
leftist,0.0136986301369863,0.2668692364954183
selective,0.0136986301369863,0.2668692364954183
governmental,0.0136986301369863,0.2668692364954183
strategic,0.0136986301369863,0.2668692364954183
chaotic,0.0136986301369863,0.2668692364954183
set,0.0136986301369863,0.2668692364954183
appropriate,0.013651877133105802,0.26595841998860803
bland,0.013513513513513514,0.26326289546169646
infamous,0.013513513513513514,0.26326289546169646
Quick,0.013333333333333334,0.2597527235222072
snap,0.013333333333333334,0.2597527235222072
fluffy,0.013333333333333334,0.2597527235222072
due,0.013227513227513227,0.2576911939704436
prime,0.013215859030837005,0.2574641532709102
safer,0.013157894736842105,0.2563349245284939
thorough,0.013157894736842105,0.2563349245284939
locked,0.013157894736842105,0.2563349245284939
healthier,0.013157894736842105,0.2563349245284939
expensive,0.013071895424836602,0.254659532864909
off,0.013071895424836602,0.254659532864909
fake,0.013063357282821686,0.2544931974417445
left,0.012998266897746967,0.2532251420818744
informed,0.012987012987012988,0.2530058995346174
Common,0.012987012987012988,0.2530058995346174
magical,0.012924071082390954,0.2517796996984238
memorable,0.01282051282051282,0.24976223415596843
financial,0.012790697674418604,0.24918139175095455
highest,0.01277139208173691,0.2488052907300835
closed,0.012738853503184714,0.24817139190019794
comic,0.012678288431061807,0.24699149621762964
mic,0.012658227848101266,0.24660068688817136
Second,0.012658227848101266,0.24660068688817136
protective,0.012658227848101266,0.24660068688817136
interesting,0.012622720897615708,0.245908959856227
intense,0.012605042016806723,0.2455645495483051
principal,0.0125,0.24351817830206923
slower,0.0125,0.24351817830206923
Cute,0.0125,0.24351817830206923
Cool,0.0125,0.24351817830206923
Fucking,0.012422360248447204,0.24200564303311226
streaming,0.012345679012345678,0.2405117810390807
naughty,0.012345679012345678,0.2405117810390807
immediate,0.012345679012345678,0.2405117810390807
corporate,0.012320328542094456,0.24001791701230643
soft,0.012244897959183673,0.23854841956121065
Perfect,0.012195121951219513,0.23757871053860413
malicious,0.012195121951219513,0.23757871053860413
permanent,0.012127894156560088,0.23626901533166583
essential,0.012121212121212121,0.23613883956564288
heroic,0.012121212121212121,0.23613883956564288
thick,0.012096774193548387,0.23566275319555086
harsh,0.011976047904191617,0.23331082951096455
constitutional,0.01195219123505976,0.23284606690237694
direct,0.011935208866155157,0.23251522565926472
fuzzy,0.011904761904761904,0.23192207457339925
tight,0.011834319526627219,0.2305497546055093
ideal,0.011764705882352941,0.2291935795784181
messy,0.011764705882352941,0.2291935795784181
frozen,0.011695906432748537,0.22785326624755015
positive,0.01167728237791932,0.22749044257518142
vicious,0.011627906976744186,0.22652853795541322
outer,0.011627906976744186,0.22652853795541322
orange,0.011627906976744186,0.22652853795541322
blatant,0.011560693641618497,0.22521912444122008
harmful,0.011494252873563218,0.22392476165707514
electronic,0.011494252873563218,0.22392476165707514
idiotic,0.011494252873563218,0.22392476165707514
Mental,0.011363636363636364,0.2213801620927902
flat,0.011337868480725623,0.22087816626038023
full,0.011335403726708075,0.22083014926771494
pre,0.011307420494699646,0.2202849952131792
enormous,0.011299435028248588,0.2201294267137349
early,0.011299435028248588,0.2201294267137349
spicy,0.011235955056179775,0.21889274454118582
back,0.011217948717948718,0.21854195488647238
overall,0.011185682326621925,0.2179133586595698
difficult,0.011111111111111112,0.21646060293517264
problematic,0.011111111111111112,0.21646060293517264
overwhelming,0.011029411764705883,0.21486898085476697
Greek,0.01098901098901099,0.2140819149908301
faster,0.01098901098901099,0.2140819149908301
high,0.010945126460582754,0.21322698055735095
least,0.01092896174863388,0.21291206846082555
huge,0.01092896174863388,0.21291206846082555
down,0.010810810810810811,0.21061031636935718
proper,0.01079136690647482,0.21023152083631877
Main,0.010752688172043012,0.20947800284048967
upvoted,0.010752688172043012,0.20947800284048967
passive,0.010752688172043012,0.20947800284048967
outdated,0.010752688172043012,0.20947800284048967
heavy,0.010723860589812333,0.20891639961571623
domestic,0.010706638115631691,0.20858088077265027
higher,0.010532475131655939,0.20518793256581608
industrial,0.010526315789473684,0.20506793962279513
Bottom,0.010526315789473684,0.20506793962279513
dark,0.010509296685529508,0.20473638272768957
red,0.010478359908883827,0.20413368932838605
stealth,0.010416666666666666,0.20293181525172435
Huge,0.010416666666666666,0.20293181525172435
absurd,0.010362694300518135,0.20188035506907293
yellow,0.01020408163265306,0.1987903496343422
Holy,0.010165184243964422,0.19803257193560903
dem,0.010101010101010102,0.19678236630470242
external,0.010050251256281407,0.19579351019261848
consecutive,0.01,0.19481454264165537
fourth,0.01,0.19481454264165537
sexual,0.009826860084230228,0.1914415252912851
semi,0.00980392156862745,0.19099464964868174
additional,0.00975609756097561,0.1900629684308833
Sad,0.009708737864077669,0.18914033266180133
last,0.009678246378669401,0.18854631418337367
total,0.009628610729023384,0.18757933954492265
comparable,0.009615384615384616,0.18732167561697632
weirdest,0.009615384615384616,0.18732167561697632
extended,0.009433962264150943,0.18378730437892016
democratic,0.009345794392523364,0.18206966602023866
Absolute,0.009345794392523364,0.18206966602023866
rough,0.009324009324009324,0.18164526120434069
central,0.009302325581395349,0.18122283036433057
minor,0.009283819628647215,0.180862307492253
21st,0.009259259259259259,0.18038383577931053
vital,0.009259259259259259,0.18038383577931053
simple,0.009259259259259259,0.18038383577931053
Personal,0.00922509225092251,0.17971821276905478
impressive,0.009216589861751152,0.17955257386327683
ideological,0.009174311926605505,0.17872893820335356
cosmic,0.00909090909090909,0.17710412967423214
combo,0.00909090909090909,0.17710412967423214
smug,0.00909090909090909,0.17710412967423214
political,0.009044526901669759,0.17620053717589423
stunning,0.009009009009009009,0.1755085969744643
relevant,0.008974358974358974,0.1748335639091779
radical,0.008888888888888889,0.17316848234813811
kill,0.008849557522123894,0.17240225012535873
short,0.008827856792545365,0.1719794883545756
legitimate,0.008784773060029283,0.171140154590034
Double,0.008771929824561403,0.1708899496856626
electric,0.008746355685131196,0.17039172825800764
Beautiful,0.008695652173913044,0.16940395012317858
standard,0.008641975308641974,0.16835824672735647
fair,0.00858704137392662,0.16728805379064865
definitive,0.008547008547008548,0.16650815610397898
near,0.008547008547008548,0.16650815610397898
serious,0.008517887563884156,0.1659408370031136
serial,0.008438818565400843,0.16440045792544755
wide,0.008368200836820083,0.16302472187586223
developed,0.008333333333333333,0.16234545220137947
apocalyptic,0.00819672131147541,0.15968405134561917
visible,0.00819672131147541,0.15968405134561917
generic,0.0081799591002045,0.15935749909337865
tragic,0.008130081300813009,0.1583858070257361
psychological,0.008130081300813009,0.1583858070257361
artistic,0.008130081300813009,0.1583858070257361
genetic,0.008108108108108109,0.15795773727701787
logical,0.008077544426494346,0.15736231231151485
human,0.008058017727639,0.1569819038208343
giant,0.008,0.1558516341133243
greater,0.007961783439490446,0.15510711993762372
organic,0.007936507936507936,0.15461471638226618
net,0.0079155672823219,0.1542067619854792
easiest,0.007905138339920948,0.15400359102107145
easier,0.0078125,0.15219886143879327
extra,0.007735946364105209,0.1507074852823533
verbal,0.007692307692307693,0.14985734049358107
emotional,0.007679180887372013,0.149601611243592
Reddit,0.0076726342710997444,0.14947407363809875
post,0.007633587786259542,0.14871339132950792
piss,0.007575757575757576,0.1475867747285268
silly,0.007537688442211055,0.14684513264446383
physical,0.007526342197691922,0.14662409130079432
next,0.007519739315703722,0.1464954575573295
visual,0.0075,0.14611090698124152
pet,0.00749063670411985,0.14592849636079055
unique,0.007481296758104738,0.14574654062966735
obvious,0.007469654528478058,0.1455197330656623
neat,0.007352941176470588,0.1432459872365113
cheap,0.007329842931937173,0.14279599984205107
ethical,0.007194244604316547,0.1401543472242125
monthly,0.007194244604316547,0.1401543472242125
clear,0.0071315372424722665,0.13893271662241669
much,0.007083647324792766,0.13799975138142884
nuclear,0.007075471698113208,0.13784047828419013
conventional,0.006993006993006993,0.13623394590325552
invisible,0.006896551724137931,0.1343548569942451
lethal,0.00684931506849315,0.13343461824770916
exact,0.006731740154830024,0.13114408794456775
above,0.006726457399103139,0.1310411721804857
subjective,0.006711409395973154,0.13074801519574186
horrific,0.006666666666666667,0.1298763617611036
thin,0.006666666666666667,0.1298763617611036
basic,0.006662225183211193,0.1297898352043007
unlimited,0.006622516556291391,0.12901625340506978
digital,0.006622516556291391,0.12901625340506978
limited,0.006622516556291391,0.12901625340506978
tactical,0.006535947712418301,0.1273297664324545
easy,0.006519967400162999,0.12701844671012574
civil,0.006507592190889371,0.12677735963665207
irrelevant,0.006493506493506494,0.1265029497673087
socialist,0.006472491909385114,0.12609355510786757
8th,0.0064516129032258064,0.12568680170429378
subsequent,0.0064516129032258064,0.12568680170429378
ridiculous,0.006435006435006435,0.1253632835531888
empty,0.006423982869379015,0.12514852846359018
useful,0.00641025641025641,0.12488111707798422
friendo,0.006289308176100629,0.12252486958594679
critical,0.006279434850863423,0.12233252285190291
epic,0.006269592476489028,0.12214077908567735
negative,0.006222222222222222,0.12121793764369668
Next,0.006211180124223602,0.12100282151655613
multi,0.006134969325153374,0.11951812432003397
similar,0.006017191977077364,0.11722365030013648
absolute,0.006009615384615385,0.1170760472606102
fancy,0.006006006006006006,0.11700573131630954
20th,0.005988023952095809,0.11665541475548227
mild,0.005988023952095809,0.11665541475548227
quick,0.00597609561752988,0.11642303345118847
golden,0.005964214711729622,0.11619157612822388
massive,0.005919854280510018,0.11532737041628051
minimum,0.0058997050147492625,0.11493483341690583
sole,0.005847953216374269,0.11392663312377507
mental,0.005840634125990822,0.11378404659921465
extensive,0.005780346820809248,0.11260956222061004
universal,0.005747126436781609,0.11196238082853757
painful,0.005681818181818182,0.1106900810463951
temporary,0.005681818181818182,0.1106900810463951
prior,0.005681818181818182,0.1106900810463951
spare,0.0056179775280898875,0.10944637227059291
arbitrary,0.00558659217877095,0.10883494002327117
authoritarian,0.00558659217877095,0.10883494002327117
7th,0.005555555555555556,0.10823030146758632
inevitable,0.005494505494505495,0.10704095749541505
Sonic,0.005479452054794521,0.10674769459816733
grey,0.005291005291005291,0.10307647758817744
foul,0.005235602094240838,0.10199714274432219
mass,0.005219206680584551,0.10167773624303517
historical,0.0051813471502590676,0.10094017753453646
front,0.005128205128205128,0.09990489366238738
wooden,0.00510204081632653,0.0993951748171711
recent,0.0050578034682080926,0.09853336694303379
mutual,0.0049261083743842365,0.09596775499588935
light,0.004914004914004914,0.09573196198607144
relative,0.004901960784313725,0.09549732482434087
questionable,0.0048543689320388345,0.09457016633090067
commercial,0.004739336492890996,0.09232916712874663
natural,0.0046641791044776115,0.09086499190375716
collective,0.004651162790697674,0.09061141518216528
immune,0.004608294930875576,0.08977628693163842
global,0.0045871559633027525,0.08936446910167678
satisfying,0.0045871559633027525,0.08936446910167678
practical,0.0045662100456621,0.08895641216513944
past,0.004539826661163846,0.0884424254667028
concrete,0.0045045045045045045,0.08775429848723215
public,0.004430811179277437,0.08631864534224676
related,0.004415011037527594,0.08601083560337985
unexpected,0.004366812227074236,0.08507185268194557
constant,0.004366812227074236,0.08507185268194557
minimal,0.004329004329004329,0.08433529984487245
plastic,0.004329004329004329,0.08433529984487245
strict,0.004291845493562232,0.08361139169169758
Long,0.004273504273504274,0.08325407805198949
acceptable,0.004219409282700422,0.08220022896272378
medieval,0.004166666666666667,0.08117272610068973
cold,0.00411522633744856,0.08017059367969358
sonic,0.0039164490861618795,0.07629812374999558
Hot,0.003875968992248062,0.0755095126518044
magic,0.003875968992248062,0.0755095126518044
respective,0.0038461538461538464,0.07492867024679054
fresh,0.00375234521575985,0.07310114170418588
Last,0.0036900369003690036,0.0718872851076219
open,0.003605769230769231,0.07024562835636612
correct,0.003469210754553339,0.06758527064758209
infinite,0.003367003367003367,0.06559412210156747
warm,0.003355704697986577,0.06537400759787093
fatal,0.003355704697986577,0.06537400759787093
Epic,0.0033444816053511705,0.06515536543199177
significant,0.0033112582781456954,0.06450812670253489
unnecessary,0.003215434083601286,0.06264133203911748
false,0.003161222339304531,0.061585208422019616
purple,0.0029850746268656717,0.05815359481840459
pure,0.002967359050445104,0.05780846962660397
final,0.002896451846488052,0.05642709417571481
endless,0.002881844380403458,0.05614251949327244
vast,0.002789400278940028,0.05434157395862074
valid,0.002717391304347826,0.05293873441349331
earlier,0.0026455026455026454,0.05153823879408872
safe,0.002583979328165375,0.05033967510120294
necessary,0.002531645569620253,0.04932013737763427
scientific,0.002512562814070352,0.04894837754815462
raw,0.0024937655860349127,0.04858218020988912
longer,0.0024691358024691358,0.04810235620781614
meaningful,0.002386634844868735,0.04649511757557408
internal,0.0023094688221709007,0.04499181123363866
Valyrian,0.0022624434389140274,0.04407568838046502
controversial,0.0022624434389140274,0.04407568838046502
upcoming,0.0022471910112359553,0.043778548908237166
realistic,0.0020876826722338203,0.04067109449721406
MORE,0.0019508388607101053,0.03800517804168072
judgement,0.0019342359767891683,0.03768172971792173
mean,0.001881821603312006,0.03666062149824151
Happy,0.0018354236769654328,0.03575672241816862
deep,0.0018148820326678765,0.03535654131427502
cultural,0.0017889087656529517,0.03485054430083281
Low,0.0017391304347826088,0.03388079002463572
long,0.0015912049761319254,0.03099898696742672
unpopular,0.0014570179698882952,0.028384828942446143
Full,0.001394700139470014,0.02717078697931037
alternate,0.0010309278350515464,0.020083973468211894
further,0.0007861635220125787,0.015315608698243348
following,0.0004995004995004995,0.009730996135946822
inactive,0.0004042037186742118,0.00787447625875729
Market76,0.0003951007506914263,0.007697137204332492
Highest,0.0003699593044765076,0.0072073452697615755
agricultural,0.0,0.0
affordable,0.0,0.0
affirmative,0.0,0.0
adequate,0.0,0.0
addictive,0.0,0.0
steady,0.0,0.0
statistical,0.0,0.0
Social,0.0,0.0
sticky,0.0,0.0
subtle,0.0,0.0
sufficient,0.0,0.0
static,0.0,0.0
solitary,0.0,0.0
anal,0.0,0.0
anecdotal,0.0,0.0
ammo,0.0,0.0
annual,0.0,0.0
stale,0.0,0.0
square,0.0,0.0
ant,0.0,0.0
stranger,0.0,0.0
armor,0.0,0.0
supernatural,0.0,0.0
superhuman,0.0,0.0
superficial,0.0,0.0
abstract,0.0,0.0
sunny,0.0,0.0
standalone,0.0,0.0
starter,0.0,0.0
sustainable,0.0,0.0
severe,0.0,0.0
shaky,0.0,0.0
sharp,0.0,0.0
brutal,0.0,0.0
bulk,0.0,0.0
castle,0.0,0.0
classical,0.0,0.0
classified,0.0,0.0
cognitive,0.0,0.0
brief,0.0,0.0
accidental,0.0,0.0
shill,0.0,0.0
shiny,0.0,0.0
sided,0.0,0.0
simplest,0.0,0.0
colossal,0.0,0.0
compelling,0.0,0.0
complex,0.0,0.0
comprehensive,0.0,0.0
cheapest,0.0,0.0
childish,0.0,0.0
chronic,0.0,0.0
sheer,0.0,0.0
automatic,0.0,0.0
bare,0.0,0.0
baseless,0.0,0.0
alt,0.0,0.0
alternative,0.0,0.0
sore,0.0,0.0
south,0.0,0.0
spam,0.0,0.0
simplified,0.0,0.0
simplistic,0.0,0.0
societal,0.0,0.0
slightest,0.0,0.0
bittersweet,0.0,0.0
blank,0.0,0.0
bloodied,0.0,0.0
blunt,0.0,0.0
bodily,0.0,0.0
bold,0.0,0.0
bracketed,0.0,0.0
artificial,0.0,0.0
atomic,0.0,0.0
slippery,0.0,0.0
slight,0.0,0.0
там,0.0,0.0
тебя,0.0,0.0
тоже,0.0,0.0
Так,0.0,0.0
Hard,0.0,0.0
Honest,0.0,0.0
Delete,0.0,0.0
Direct,0.0,0.0
utter,0.0,0.0
vague,0.0,0.0
valerian,0.0,0.0
TSLA,0.0,0.0
vampire,0.0,0.0
unlikely,0.0,0.0
Interesting,0.0,0.0
Major,0.0,0.0
Funny,0.0,0.0
GOT,0.0,0.0
unprotected,0.0,0.0
unreal,0.0,0.0
unrealistic,0.0,0.0
unredacted,0.0,0.0
unsafe,0.0,0.0
valyrian,0.0,0.0
liquid,0.0,0.0
literary,0.0,0.0
lasting,0.0,0.0
magnificent,0.0,0.0
manual,0.0,0.0
marital,0.0,0.0
lengthy,0.0,0.0
Cheap,0.0,0.0
Congressional,0.0,0.0
будет,0.0,0.0
будут,0.0,0.0
сильно,0.0,0.0
Когда,0.0,0.0
Artistic,0.0,0.0
Ну,0.0,0.0
точно,0.0,0.0
все,0.0,0.0
всем,0.0,0.0
как,0.0,0.0
когда,0.0,0.0
про,0.0,0.0
реально,0.0,0.0
своей,0.0,0.0
19th,0.0,0.0
Massive,0.0,0.0
tidal,0.0,0.0
traumatic,0.0,0.0
trivial,0.0,0.0
sustained,0.0,0.0
sweeping,0.0,0.0
systemic,0.0,0.0
cinematic,0.0,0.0
Third,0.0,0.0
Total,0.0,0.0
Unconstructive,0.0,0.0
unserious,0.0,0.0
Wrong,0.0,0.0
tangible,0.0,0.0
tasty,0.0,0.0
technological,0.0,0.0
tense,0.0,0.0
terminal,0.0,0.0
terrifying,0.0,0.0
theatrical,0.0,0.0
thematic,0.0,0.0
stressful,0.0,0.0
stricter,0.0,0.0
Unpopular,0.0,0.0
unsolicited,0.0,0.0
unspoken,0.0,0.0
unstoppable,0.0,0.0
ulterior,0.0,0.0
unbiased,0.0,0.0
Much,0.0,0.0
Off,0.0,0.0
Original,0.0,0.0
Political,0.0,0.0
Human,0.0,0.0
uncanny,0.0,0.0
Marxist,0.0,0.0
uncommon,0.0,0.0
underground,0.0,0.0
underlying,0.0,0.0
unedited,0.0,0.0
throwaway,0.0,0.0
Roman,0.0,0.0
Serial,0.0,0.0
Serious,0.0,0.0
Sexual,0.0,0.0
Similar,0.0,0.0
Simple,0.0,0.0
uncomfortable,0.0,0.0
nonsensical,0.0,0.0
noticeable,0.0,0.0
nuanced,0.0,0.0
mundane,0.0,0.0
hairy,0.0,0.0
harmless,0.0,0.0
fundamental,0.0,0.0
hidden,0.0,0.0
hive,0.0,0.0
hollow,0.0,0.0
gray,0.0,0.0
counter,0.0,0.0
immense,0.0,0.0
heated,0.0,0.0
imperialist,0.0,0.0
impossible,0.0,0.0
incomplete,0.0,0.0
incorrect,0.0,0.0
homemade,0.0,0.0
hopeless,0.0,0.0
n,0.0,0.0
narrative,0.0,0.0
naval,0.0,0.0
humanitarian,0.0,0.0
favorable,0.0,0.0
fetal,0.0,0.0
existential,0.0,0.0
outdoor,0.0,0.0
overused,0.0,0.0
parallel,0.0,0.0
obsidian,0.0,0.0
fiscal,0.0,0.0
flaming,0.0,0.0
flip,0.0,0.0
focal,0.0,0.0
neoliberal,0.0,0.0
ole,0.0,0.0
ongoing,0.0,0.0
optimal,0.0,0.0
fried,0.0,0.0
frontal,0.0,0.0
firearm,0.0,0.0
firm,0.0,0.0
genital,0.0,0.0
gentle,0.0,0.0
glorious,0.0,0.0
foreseeable,0.0,0.0
far,0.0,0.0
interpersonal,0.0,0.0
invasive,0.0,0.0
+1,0.0,0.0
Excellent,0.0,0.0
Extended,0.0,0.0
Fair,0.0,0.0
Final,0.0,0.0
Free,0.0,0.0
widespread,0.0,0.0
wiki,0.0,0.0
viral,0.0,0.0
micro,0.0,0.0
upvote,0.0,0.0
HUGE,0.0,0.0
Как,0.0,0.0
вот,0.0,0.0
Easy,0.0,0.0
vertical,0.0,0.0
lighter,0.0,0.0
wishful,0.0,0.0
wobbly,0.0,0.0
worldwide,0.0,0.0
worthwhile,0.0,0.0
unusual,0.0,0.0
mighty,0.0,0.0
initial,0.0,0.0
inner,0.0,0.0
inside,0.0,0.0
institutional,0.0,0.0
insufficient,0.0,0.0
intentional,0.0,0.0
interactive,0.0,0.0
imminent,0.0,0.0
immortal,0.0,0.0
imperial,0.0,0.0
legislative,0.0,0.0
monetary,0.0,0.0
mathematical,0.0,0.0
maximum,0.0,0.0
ironic,0.0,0.0
juicy,0.0,0.0
inherent,0.0,0.0
meaningless,0.0,0.0
meme,0.0,0.0
meta,0.0,0.0
longest,0.0,0.0
later,0.0,0.0
lawful,0.0,0.0
misleading,0.0,0.0
darkest,0.0,0.0
deadly,0.0,0.0
deeper,0.0,0.0
definite,0.0,0.0
convincing,0.0,0.0
cordial,0.0,0.0
redacted,0.0,0.0
reduced,0.0,0.0
regulatory,0.0,0.0
relatable,0.0,0.0
remote,0.0,0.0
faux,0.0,0.0
demographic,0.0,0.0
dental,0.0,0.0
depressing,0.0,0.0
derogatory,0.0,0.0
descriptive,0.0,0.0
detailed,0.0,0.0
devastating,0.0,0.0
crude,0.0,0.0
rampant,0.0,0.0
rapid,0.0,0.0
precise,0.0,0.0
removed,0.0,0.0
repetitive,0.0,0.0
reproductive,0.0,0.0
reputable,0.0,0.0
consensual,0.0,0.0
considerable,0.0,0.0
constructive,0.0,0.0
contested,0.0,0.0
continued,0.0,0.0
continuous,0.0,0.0
convenient,0.0,0.0
cosmetic,0.0,0.0
damned,0.0,0.0
crippling,0.0,0.0
crowded,0.0,0.0
crucial,0.0,0.0
confusing,0.0,0.0
respawn,0.0,0.0
reverse,0.0,0.0
rhetorical,0.0,0.0
risky,0.0,0.0
royal,0.0,0.0
sacred,0.0,0.0
saddest,0.0,0.0
rear,0.0,0.0
yearly,0.0,0.0
empirical,0.0,0.0
ended,0.0,0.0
drastic,0.0,0.0
dry,0.0,0.0
dual,0.0,0.0
eventual,0.0,0.0
evolutionary,0.0,0.0
exaggerated,0.0,0.0
excess,0.0,0.0
excessive,0.0,0.0
egregious,0.0,0.0
predictable,0.0,0.0
philosophical,0.0,0.0
pink,0.0,0.0
pixelated,0.0,0.0
oral,0.0,0.0
explicit,0.0,0.0
explosive,0.0,0.0
express,0.0,0.0
facial,0.0,0.0
factual,0.0,0.0
equivalent,0.0,0.0
fatty,0.0,0.0
elaborate,0.0,0.0
prequel,0.0,0.0
disappointing,0.0,0.0
disproportionate,0.0,0.0
divine,0.0,0.0
downward,0.0,0.0
dragonglass,0.0,0.0
deliberate,0.0,0.0
presidential,0.0,0.0
primitive,0.0,0.0
profitable,0.0,0.0
promotional,0.0,0.0
embarrassing,0.0,0.0
easter,0.0,0.0
educational,0.0,0.0
ego,0.0,0.0
diplomatic,0.0,0.0
dire,0.0,0.0
pointless,0.0,0.0
pointy,0.0,0.0
polar,0.0,0.0
populated,0.0,0.0
portal,0.0,0.0
parental,0.0,0.0
partial,0.0,0.0
plausible,0.0,0.0
