adj,total,person_ratio,product_ratio,other_ratio,person_count,product_count,other_count
Muy,622,0.19292604501607716,0.19131832797427653,0.6157556270096463,120,119,383
direct,222,0.13513513513513514,0.0045045045045045045,0.8603603603603603,30,1,191
muy,145,0.12413793103448276,0.15862068965517243,0.7172413793103448,18,23,104
French,123,0.10569105691056911,0.008130081300813009,0.8861788617886179,13,1,109
harsh,159,0.07547169811320754,0.012578616352201259,0.9119496855345912,12,2,145
panty,173,0.07514450867052024,0.011560693641618497,0.9132947976878613,13,2,158
intense,150,0.06666666666666667,0.006666666666666667,0.9266666666666666,10,1,139
active,573,0.06457242582897033,0.0034904013961605585,0.9319371727748691,37,2,534
Ordered,110,0.05454545454545454,0.02727272727272727,0.9181818181818182,6,3,101
vertical,186,0.053763440860215055,0.0,0.946236559139785,10,0,176
avid,204,0.049019607843137254,0.0392156862745098,0.9117647058823529,10,8,186
bifocal,178,0.0449438202247191,0.0,0.9550561797752809,8,0,170
golden,228,0.039473684210526314,0.017543859649122806,0.9429824561403509,9,4,215
pet,158,0.0379746835443038,0.0,0.9620253164556962,6,0,152
bright,3432,0.036421911421911424,0.007867132867132868,0.9557109557109557,125,27,3280
unicorn,170,0.03529411764705882,0.029411764705882353,0.9352941176470588,6,5,159
busy,221,0.03167420814479638,0.0,0.9683257918552036,7,0,214
mechanical,167,0.029940119760479042,0.011976047904191617,0.9580838323353293,5,2,160
rich,578,0.029411764705882353,0.03633217993079585,0.9342560553633218,17,21,540
dark,2990,0.0274247491638796,0.08461538461538462,0.8879598662207357,82,253,2655
scarf,119,0.025210084033613446,0.008403361344537815,0.9663865546218487,3,1,115
missing,127,0.023622047244094488,0.0,0.9763779527559056,3,0,124
hot,3492,0.021764032073310423,0.002004581901489118,0.9762313860252004,76,7,3409
just,101,0.019801980198019802,0.019801980198019802,0.9603960396039604,2,2,97
tropical,155,0.01935483870967742,0.012903225806451613,0.967741935483871,3,2,150
realistic,105,0.01904761904761905,0.0,0.9809523809523809,2,0,103
pure,317,0.01892744479495268,0.012618296529968454,0.9684542586750788,6,4,307
happy,1279,0.018764659890539485,0.060203283815480846,0.9210320562939797,24,77,1178
sad,164,0.018292682926829267,0.012195121951219513,0.9695121951219512,3,2,159
distressed,165,0.01818181818181818,0.01818181818181818,0.9636363636363636,3,3,159
tacky,111,0.018018018018018018,0.009009009009009009,0.972972972972973,2,1,108
slinky,112,0.017857142857142856,0.008928571428571428,0.9732142857142857,2,1,109
SMALL,118,0.01694915254237288,0.16101694915254236,0.8220338983050848,2,19,97
dull,297,0.016835016835016835,0.03367003367003367,0.9494949494949495,5,10,282
kinda,179,0.01675977653631285,0.01675977653631285,0.9664804469273743,3,3,173
facial,122,0.01639344262295082,0.00819672131147541,0.9754098360655737,2,1,119
dirty,313,0.01597444089456869,0.019169329073482427,0.9648562300319489,5,6,302
orange,378,0.015873015873015872,0.021164021164021163,0.9629629629629629,6,8,364
excessive,128,0.015625,0.046875,0.9375,2,6,120
late,322,0.015527950310559006,0.003105590062111801,0.9813664596273292,5,1,316
compact,261,0.01532567049808429,0.06513409961685823,0.9195402298850575,4,17,240
rigid,132,0.015151515151515152,0.045454545454545456,0.9393939393939394,2,6,124
deep,1523,0.015101772816808929,0.036769533814839134,0.9481286933683519,23,56,1444
Happy,274,0.014598540145985401,0.043795620437956206,0.9416058394160584,4,12,258
dear,138,0.014492753623188406,0.0,0.9855072463768116,2,0,136
ugly,559,0.014311270125223614,0.012522361359570662,0.9731663685152058,8,7,544
More,213,0.014084507042253521,0.028169014084507043,0.9577464788732394,3,6,204
official,143,0.013986013986013986,0.006993006993006993,0.9790209790209791,2,1,140
striped,143,0.013986013986013986,0.04895104895104895,0.9370629370629371,2,7,134
authentic,290,0.013793103448275862,0.013793103448275862,0.9724137931034482,4,4,282
graphic,146,0.0136986301369863,0.1232876712328767,0.863013698630137,2,18,126
foam,147,0.013605442176870748,0.047619047619047616,0.9387755102040817,2,7,138
disappointed,221,0.013574660633484163,0.06334841628959276,0.9230769230769231,3,14,204
NICE,148,0.013513513513513514,0.2635135135135135,0.722972972972973,2,39,107
sparkly,375,0.013333333333333334,0.010666666666666666,0.976,5,4,366
round,682,0.013196480938416423,0.013196480938416423,0.9736070381231672,9,9,664
pastel,154,0.012987012987012988,0.006493506493506494,0.9805194805194806,2,1,151
beige,318,0.012578616352201259,0.0220125786163522,0.9654088050314465,4,7,307
mini,558,0.012544802867383513,0.026881720430107527,0.9605734767025089,7,15,536
male,240,0.0125,0.025,0.9625,3,6,231
nasty,161,0.012422360248447204,0.018633540372670808,0.968944099378882,2,3,156
minimalist,163,0.012269938650306749,0.0,0.9877300613496932,2,0,161
GOOD,166,0.012048192771084338,0.3253012048192771,0.6626506024096386,2,54,110
plain,750,0.012,0.037333333333333336,0.9506666666666667,9,28,713
exact,1547,0.011635423400129283,0.005171299288946348,0.9831932773109243,18,8,1521
HUGE,173,0.011560693641618497,0.04046242774566474,0.9479768786127167,2,7,164
lighter,1132,0.011484098939929329,0.02561837455830389,0.9628975265017667,13,29,1090
pale,264,0.011363636363636364,0.03787878787878788,0.9507575757575758,3,10,251
generic,179,0.0111731843575419,0.00558659217877095,0.9832402234636871,2,1,176
layered,180,0.011111111111111112,0.0,0.9888888888888889,2,0,178
resistant,287,0.010452961672473868,0.041811846689895474,0.9477351916376306,3,12,272
longer,1730,0.010404624277456647,0.016184971098265895,0.9734104046242774,18,28,1684
stiff,775,0.01032258064516129,0.02193548387096774,0.967741935483871,8,17,750
Little,301,0.009966777408637873,0.019933554817275746,0.9700996677740864,3,6,292
Italian,101,0.009900990099009901,0.0297029702970297,0.9603960396039604,1,3,97
cubic,102,0.00980392156862745,0.00980392156862745,0.9803921568627451,1,1,100
true,3271,0.009782940996637114,0.025680220116172426,0.9645368388871904,32,84,3155
shiny,1438,0.009735744089012517,0.009040333796940195,0.9812239221140473,14,13,1411
Hawaiian,103,0.009708737864077669,0.0,0.9902912621359223,1,0,102
Material,104,0.009615384615384616,0.028846153846153848,0.9615384615384616,1,3,100
glossy,105,0.009523809523809525,0.009523809523809525,0.9809523809523809,1,1,103
giant,421,0.009501187648456057,0.0166270783847981,0.9738717339667459,4,7,410
slick,211,0.009478672985781991,0.009478672985781991,0.981042654028436,2,2,207
Such,212,0.009433962264150943,0.0047169811320754715,0.9858490566037735,2,1,209
electronic,106,0.009433962264150943,0.0,0.9905660377358491,1,0,105
fluffy,212,0.009433962264150943,0.02830188679245283,0.9622641509433962,2,6,204
sturdier,106,0.009433962264150943,0.03773584905660377,0.9528301886792453,1,4,101
tummy,745,0.009395973154362415,0.005369127516778523,0.9852348993288591,7,4,734
dead,214,0.009345794392523364,0.014018691588785047,0.9766355140186916,2,3,209
vintage,431,0.009280742459396751,0.016241299303944315,0.974477958236659,4,7,420
sophisticated,108,0.009259259259259259,0.009259259259259259,0.9814814814814815,1,1,106
classic,973,0.009249743062692703,0.014388489208633094,0.9763617677286742,9,14,950
matching,326,0.009202453987730062,0.012269938650306749,0.9785276073619632,3,4,319
Total,327,0.009174311926605505,0.0030581039755351682,0.9877675840978594,3,1,323
ready,109,0.009174311926605505,0.0,0.9908256880733946,1,0,108
terrific,218,0.009174311926605505,0.0045871559633027525,0.9862385321100917,2,1,215
satisfied,220,0.00909090909090909,0.0,0.990909090909091,2,0,218
substantial,332,0.009036144578313253,0.015060240963855422,0.9759036144578314,3,5,324
neutral,444,0.009009009009009009,0.02027027027027027,0.9707207207207207,4,9,431
woven,111,0.009009009009009009,0.009009009009009009,0.9819819819819819,1,1,109
sheer,667,0.008995502248875561,0.01649175412293853,0.974512743628186,6,11,650
darker,779,0.008985879332477536,0.021822849807445442,0.9691912708600771,7,17,755
pendant,447,0.008948545861297539,0.006711409395973154,0.9843400447427293,4,3,440
smallish,112,0.008928571428571428,0.008928571428571428,0.9821428571428571,1,1,110
strappy,112,0.008928571428571428,0.044642857142857144,0.9464285714285714,1,5,106
pink,2694,0.008908685968819599,0.01670378619153675,0.9743875278396437,24,45,2625
sticky,337,0.008902077151335312,0.011869436201780416,0.9792284866468842,3,4,330
fashioned,113,0.008849557522123894,0.008849557522123894,0.9823008849557522,1,1,111
OK,113,0.008849557522123894,0.035398230088495575,0.9557522123893806,1,4,108
boring,113,0.008849557522123894,0.017699115044247787,0.9734513274336283,1,2,110
modern,340,0.008823529411764706,0.011764705882352941,0.9794117647058823,3,4,333
consistent,115,0.008695652173913044,0.017391304347826087,0.9739130434782609,1,2,112
/>Bottom,115,0.008695652173913044,0.0,0.991304347826087,1,0,114
strong,1634,0.008567931456548347,0.009179926560587515,0.9822521419828641,14,15,1605
Stylish,118,0.00847457627118644,0.03389830508474576,0.9576271186440678,1,4,113
colorful,592,0.008445945945945946,0.02364864864864865,0.9679054054054054,5,14,573
closed,120,0.008333333333333333,0.008333333333333333,0.9833333333333333,1,1,118
adhesive,121,0.008264462809917356,0.0,0.9917355371900827,1,0,120
opaque,121,0.008264462809917356,0.008264462809917356,0.9834710743801653,1,1,119
Quality,244,0.00819672131147541,0.012295081967213115,0.9795081967213115,2,3,239
detailed,248,0.008064516129032258,0.008064516129032258,0.9838709677419355,2,2,244
plush,125,0.008,0.04,0.952,1,5,119
heated,126,0.007936507936507936,0.15079365079365079,0.8412698412698413,1,19,106
exterior,126,0.007936507936507936,0.0,0.9920634920634921,1,0,125
pre,253,0.007905138339920948,0.0,0.9920948616600791,2,0,251
circular,127,0.007874015748031496,0.015748031496062992,0.9763779527559056,1,2,124
anti,254,0.007874015748031496,0.007874015748031496,0.984251968503937,2,2,250
transparent,127,0.007874015748031496,0.007874015748031496,0.984251968503937,1,1,125
severe,128,0.0078125,0.03125,0.9609375,1,4,123
random,385,0.007792207792207792,0.0025974025974025974,0.9896103896103896,3,1,381
complete,644,0.007763975155279503,0.012422360248447204,0.9798136645962733,5,8,631
prior,129,0.007751937984496124,0.007751937984496124,0.9844961240310077,1,1,127
fake,906,0.00772626931567329,0.009933774834437087,0.9823399558498896,7,9,890
funky,261,0.007662835249042145,0.01532567049808429,0.9770114942528736,2,4,255
picky,133,0.007518796992481203,0.015037593984962405,0.9774436090225563,1,2,130
pricey,135,0.007407407407407408,0.0,0.9925925925925926,1,0,134
little,31194,0.00737321279733282,0.014586138359941015,0.9780406488427261,230,455,30509
hooded,139,0.007194244604316547,0.0,0.9928057553956835,1,0,138
red,3484,0.007175660160734788,0.02066590126291619,0.972158438576349,25,72,3387
Cutest,140,0.007142857142857143,0.014285714285714285,0.9785714285714285,1,2,137
less,1139,0.007023705004389816,0.01141352063213345,0.9815627743634767,8,13,1118
unfinished,143,0.006993006993006993,0.07692307692307693,0.916083916083916,1,11,131
fellow,143,0.006993006993006993,0.0,0.993006993006993,1,0,142
full,4603,0.00695198783402129,0.014121225287855746,0.978926786878123,32,65,4506
useless,144,0.006944444444444444,0.0,0.9930555555555556,1,0,143
Chinese,576,0.006944444444444444,0.015625,0.9774305555555556,4,9,563
very,432,0.006944444444444444,0.011574074074074073,0.9814814814814815,3,5,424
themed,145,0.006896551724137931,0.006896551724137931,0.9862068965517241,1,1,143
costume,292,0.00684931506849315,0.010273972602739725,0.9828767123287672,2,3,287
rare,146,0.00684931506849315,0.0,0.9931506849315068,1,0,145
handsome,149,0.006711409395973154,0.020134228187919462,0.9731543624161074,1,3,145
awesome,1804,0.0066518847006651885,0.015521064301552107,0.9778270509977827,12,28,1764
light,10118,0.006621862028068789,0.02203992883969164,0.9713382091322396,67,223,9828
single,1671,0.006582884500299222,0.01376421304608019,0.9796529024536206,11,23,1637
adorable,915,0.006557377049180328,0.025136612021857924,0.9683060109289617,6,23,886
gray,1070,0.0065420560747663555,0.013084112149532711,0.9803738317757009,7,14,1049
female,311,0.006430868167202572,0.01929260450160772,0.9742765273311897,2,6,303
Same,312,0.00641025641025641,0.00641025641025641,0.9871794871794872,2,2,308
chic,156,0.00641025641025641,0.01282051282051282,0.9807692307692307,1,2,153
black,11251,0.0063105501733179276,0.018931650519953783,0.9747577993067283,71,213,10967
detachable,159,0.006289308176100629,0.006289308176100629,0.9874213836477987,1,1,157
standard,1461,0.006160164271047228,0.01779603011635866,0.9760438056125941,9,26,1426
Awesome,328,0.006097560975609756,0.01524390243902439,0.9786585365853658,2,5,321
wise,164,0.006097560975609756,0.006097560975609756,0.9878048780487805,1,1,162
buckle,164,0.006097560975609756,0.006097560975609756,0.9878048780487805,1,1,162
off,165,0.006060606060606061,0.012121212121212121,0.9818181818181818,1,2,162
silky,832,0.006009615384615385,0.016826923076923076,0.9771634615384616,5,14,813
huge,3339,0.005989817310572028,0.012279125486672657,0.9817310572027553,20,41,3278
floppy,167,0.005988023952095809,0.10778443113772455,0.8862275449101796,1,18,148
brown,1520,0.0059210526315789476,0.017105263157894738,0.9769736842105263,9,26,1485
funny,338,0.005917159763313609,0.014792899408284023,0.9792899408284024,2,5,331
mermaid,170,0.0058823529411764705,0.011764705882352941,0.9823529411764705,1,2,167
worth,510,0.0058823529411764705,0.01568627450980392,0.9784313725490196,3,8,499
Fit,686,0.0058309037900874635,0.0058309037900874635,0.9883381924198251,4,4,678
pinky,173,0.005780346820809248,0.011560693641618497,0.9826589595375722,1,2,170
sided,175,0.005714285714285714,0.017142857142857144,0.9771428571428571,1,3,171
Big,532,0.005639097744360902,0.013157894736842105,0.981203007518797,3,7,522
soft,10483,0.005628159877897549,0.017933797577029478,0.9764380425450729,59,188,10236
real,6077,0.005594865887773573,0.020404805002468322,0.9740003291097581,34,124,5919
international,180,0.005555555555555556,0.005555555555555556,0.9888888888888889,1,1,178
young,1448,0.0055248618784530384,0.031767955801104975,0.962707182320442,8,46,1394
pretty,4188,0.0054918815663801334,0.011938872970391595,0.9825692454632283,23,50,4115
upcoming,731,0.005471956224350205,0.004103967168262654,0.9904240766073872,4,3,724
final,183,0.00546448087431694,0.02185792349726776,0.9726775956284153,1,4,178
elderly,188,0.005319148936170213,0.005319148936170213,0.9893617021276596,1,1,186
yellow,1524,0.005249343832020997,0.00984251968503937,0.9849081364829396,8,15,1501
thick,5009,0.005190656817728089,0.01217807945697744,0.9826312637252945,26,61,4922
human,193,0.0051813471502590676,0.010362694300518135,0.9844559585492227,1,2,190
local,972,0.0051440329218107,0.013374485596707819,0.9814814814814815,5,13,954
Last,196,0.00510204081632653,0.0,0.9948979591836735,1,0,195
brighter,196,0.00510204081632653,0.00510204081632653,0.9897959183673469,1,1,194
uneven,197,0.005076142131979695,0.06598984771573604,0.9289340101522843,1,13,183
actual,3373,0.005040023717758672,0.013044767269493033,0.9819152090127483,17,44,3312
slightest,200,0.005,0.13,0.865,1,26,173
raw,202,0.0049504950495049506,0.034653465346534656,0.9603960396039604,1,7,194
heavy,4449,0.004944931445268599,0.012362328613171499,0.9826927399415599,22,55,4372
friendly,203,0.0049261083743842365,0.034482758620689655,0.9605911330049262,1,7,195
non,1015,0.0049261083743842365,0.014778325123152709,0.9802955665024631,5,15,995
cutest,613,0.004893964110929853,0.009787928221859706,0.9853181076672104,3,6,604
sized,2249,0.004891062694530902,0.025344597598932858,0.9697643397065362,11,57,2181
much,5540,0.0048736462093862815,0.011552346570397111,0.9835740072202166,27,64,5449
True,206,0.0048543689320388345,0.009708737864077669,0.9854368932038835,1,2,203
double,1237,0.004850444624090542,0.0137429264349232,0.9814066289409863,6,17,1214
thicker,1655,0.004833836858006042,0.010876132930513595,0.9842900302114803,8,18,1629
bridal,207,0.004830917874396135,0.004830917874396135,0.9903381642512077,1,1,205
accurate,625,0.0048,0.0128,0.9824,3,8,614
Adjustable,209,0.004784688995215311,0.009569377990430622,0.9856459330143541,1,2,206
gorgeous,1262,0.004754358161648178,0.01347068145800317,0.9817749603803486,6,17,1239
Small,633,0.004739336492890996,0.01263823064770932,0.9826224328593997,3,8,622
near,211,0.004739336492890996,0.0,0.995260663507109,1,0,210
subtle,424,0.0047169811320754715,0.014150943396226415,0.9811320754716981,2,6,416
burgundy,214,0.004672897196261682,0.009345794392523364,0.985981308411215,1,2,211
thermal,220,0.004545454545454545,0.00909090909090909,0.9863636363636363,1,2,217
multi,224,0.004464285714285714,0.008928571428571428,0.9866071428571429,1,2,221
polarized,224,0.004464285714285714,0.0,0.9955357142857143,1,0,223
simple,2480,0.004435483870967742,0.013709677419354839,0.9818548387096774,11,34,2435
faux,906,0.004415011037527594,0.00772626931567329,0.9878587196467992,4,7,895
traditional,916,0.004366812227074236,0.017467248908296942,0.9781659388646288,4,16,896
incredible,230,0.004347826086956522,0.008695652173913044,0.9869565217391304,1,2,227
annoying,231,0.004329004329004329,0.021645021645021644,0.974025974025974,1,5,225
nude,464,0.004310344827586207,0.004310344827586207,0.9913793103448276,2,2,460
rounded,233,0.004291845493562232,0.05150214592274678,0.944206008583691,1,12,220
blue,5172,0.004253673627223511,0.02068832173240526,0.9750580046403712,22,107,5043
GREAT,471,0.004246284501061571,0.11464968152866242,0.881104033970276,2,54,415
permanent,236,0.00423728813559322,0.012711864406779662,0.9830508474576272,1,3,232
Warm,241,0.004149377593360996,0.07883817427385892,0.91701244813278,1,19,221
weak,242,0.004132231404958678,0.0,0.9958677685950413,1,0,241
half,730,0.00410958904109589,0.00821917808219178,0.9876712328767123,3,6,721
Bad,487,0.004106776180698152,0.002053388090349076,0.9938398357289527,2,1,484
short,5854,0.004099760847283909,0.009907755380936112,0.98599248377178,24,58,5772
future,488,0.004098360655737705,0.0020491803278688526,0.9938524590163934,2,1,485
trendy,245,0.004081632653061225,0.00816326530612245,0.9877551020408163,1,2,242
slight,1482,0.004048582995951417,0.020242914979757085,0.9757085020242915,6,30,1446
durable,1237,0.004042037186742118,0.010509296685529508,0.9854486661277284,5,13,1219
oversized,990,0.00404040404040404,0.01919191919191919,0.9767676767676767,4,19,967
total,744,0.004032258064516129,0.008064516129032258,0.9879032258064516,3,6,735
Other,747,0.004016064257028112,0.006693440428380187,0.9892904953145917,3,5,739
absolute,501,0.003992015968063872,0.005988023952095809,0.9900199600798403,2,3,496
internal,252,0.003968253968253968,0.003968253968253968,0.9920634920634921,1,1,250
shorter,1267,0.003946329913180742,0.011049723756906077,0.9850039463299132,5,14,1248
firm,255,0.00392156862745098,0.01568627450980392,0.9803921568627451,1,4,250
lower,1790,0.003910614525139665,0.0446927374301676,0.9513966480446927,7,80,1703
colored,1280,0.00390625,0.01328125,0.9828125,5,17,1258
occasional,256,0.00390625,0.01171875,0.984375,1,3,252
affordable,782,0.0038363171355498722,0.0038363171355498722,0.9923273657289002,3,3,776
muscular,261,0.0038314176245210726,0.0038314176245210726,0.9923371647509579,1,1,259
flat,1569,0.0038240917782026767,0.017845761631612493,0.9783301465901848,6,28,1535
rough,791,0.0037926675094816687,0.006321112515802781,0.9898862199747156,3,5,783
bad,3996,0.0037537537537537537,0.00975975975975976,0.9864864864864865,15,39,3942
basic,1332,0.0037537537537537537,0.038288288288288286,0.9579579579579579,5,51,1276
handy,268,0.0037313432835820895,0.011194029850746268,0.9850746268656716,1,3,264
left,1340,0.0037313432835820895,0.05447761194029851,0.9417910447761194,5,73,1262
fine,1345,0.0037174721189591076,0.012639405204460967,0.9836431226765799,5,17,1323
thin,8402,0.0036895977148298023,0.011306831706736492,0.9850035705784337,31,95,8276
enough,4078,0.003678273663560569,0.007111329082883766,0.9892103972535556,15,29,4034
super,2448,0.003676470588235294,0.013480392156862746,0.9828431372549019,9,33,2406
medical,549,0.0036429872495446266,0.00546448087431694,0.9908925318761385,2,3,544
sure,275,0.0036363636363636364,0.01818181818181818,0.9781818181818182,1,5,269
Low,276,0.0036231884057971015,0.0,0.9963768115942029,1,0,275
Real,276,0.0036231884057971015,0.007246376811594203,0.9891304347826086,1,2,273
attractive,1115,0.003587443946188341,0.014349775784753363,0.9820627802690582,4,16,1095
looking,282,0.0035460992907801418,0.0035460992907801418,0.9929078014184397,1,1,280
chunky,282,0.0035460992907801418,0.0070921985815602835,0.9893617021276596,1,2,279
extreme,284,0.0035211267605633804,0.01056338028169014,0.9859154929577465,1,3,280
big,13671,0.003511081852095677,0.01053324555628703,0.9859556725916173,48,144,13479
amazing,1709,0.003510825043885313,0.005851375073142188,0.9906377998829725,6,10,1693
lightweight,1997,0.0035052578868302454,0.03204807210816224,0.9644466700050075,7,64,1926
useful,289,0.0034602076124567475,0.010380622837370242,0.986159169550173,1,3,285
bold,289,0.0034602076124567475,0.0,0.9965397923875432,1,0,288
important,581,0.0034423407917383822,0.0051635111876075735,0.9913941480206541,2,3,576
-,2631,0.0034207525655644243,0.012922843025465602,0.98365640440897,9,34,2588
particular,1183,0.0033812341504649195,0.016060862214708368,0.9805579036348268,4,19,1160
stunning,296,0.0033783783783783786,0.010135135135135136,0.9864864864864865,1,3,292
neat,303,0.0033003300330033004,0.0033003300330033004,0.9933993399339934,1,1,301
inexpensive,1515,0.0033003300330033004,0.009240924092409241,0.9874587458745875,5,14,1496
purple,1225,0.0032653061224489797,0.022857142857142857,0.9738775510204082,4,28,1193
long,13204,0.0032565889124507724,0.011132990003029385,0.9856104210845198,43,147,13014
fashionable,308,0.003246753246753247,0.025974025974025976,0.9707792207792207,1,8,299
scratchy,309,0.003236245954692557,0.006472491909385114,0.9902912621359223,1,2,306
favorite,7117,0.0032316987494730924,0.013629338204299565,0.9831389630462274,23,97,6997
solid,2809,0.003203987184051264,0.016019935920256318,0.9807760768956925,9,45,2755
stretchy,1565,0.003194888178913738,0.003194888178913738,0.9936102236421726,5,5,1555
okay,313,0.003194888178913738,0.006389776357827476,0.9904153354632588,1,2,310
lovely,2507,0.0031910650179497405,0.022337455125648185,0.974471479856402,8,56,2443
white,5985,0.0031746031746031746,0.018880534670008355,0.9779448621553885,19,113,5853
tiny,4103,0.003168413356080916,0.018523031927857665,0.9783085547160614,13,76,4014
regular,5752,0.003129346314325452,0.01808066759388039,0.9787899860917941,18,104,5630
cheap,10567,0.003122929876029147,0.006435128229393395,0.9904419418945775,33,68,10466
additional,1282,0.0031201248049922,0.00546021840873635,0.9914196567862714,4,7,1271
beautiful,10719,0.0030786453960257487,0.02369624032092546,0.9732251142830488,33,254,10432
poly,325,0.003076923076923077,0.015384615384615385,0.9815384615384616,1,5,319
old,12352,0.0030764248704663213,0.008743523316062176,0.9881800518134715,38,108,12206
Horrible,651,0.0030721966205837174,0.0,0.9969278033794163,2,0,649
original,2615,0.0030592734225621415,0.00497131931166348,0.9919694072657744,8,13,2594
fuzzy,327,0.0030581039755351682,0.012232415902140673,0.9847094801223242,1,4,322
clear,1965,0.0030534351145038168,0.008142493638676845,0.9888040712468193,6,16,1943
Bright,331,0.0030211480362537764,0.0030211480362537764,0.9939577039274925,1,1,329
gentle,663,0.0030165912518853697,0.015082956259426848,0.9819004524886877,2,10,651
small,25628,0.003004526299360075,0.015139690963009208,0.9818557827376307,77,388,25163
outdoor,1007,0.0029791459781529296,0.004965243296921549,0.9920556107249255,3,5,999
professional,672,0.002976190476190476,0.00744047619047619,0.9895833333333334,2,5,665
cheaper,1010,0.0029702970297029703,0.0029702970297029703,0.994059405940594,3,3,1004
tough,338,0.0029585798816568047,0.011834319526627219,0.985207100591716,1,4,333
new,10184,0.002945797329143755,0.013550667714061273,0.983503534956795,30,138,10016
interesting,341,0.002932551319648094,0.011730205278592375,0.9853372434017595,1,4,336
tight,2730,0.0029304029304029304,0.011355311355311355,0.9857142857142858,8,31,2691
tighter,346,0.002890173410404624,0.005780346820809248,0.9913294797687862,1,2,343
Comfortable,1384,0.002890173410404624,0.00939306358381503,0.9877167630057804,4,13,1367
semi,347,0.002881844380403458,0.005763688760806916,0.9913544668587896,1,2,344
thinner,1042,0.0028790786948176585,0.0067178502879078695,0.9904030710172744,3,7,1032
decorative,348,0.0028735632183908046,0.020114942528735632,0.9770114942528736,1,7,340
minor,696,0.0028735632183908046,0.09051724137931035,0.9066091954022989,2,63,631
functional,350,0.002857142857142857,0.017142857142857144,0.98,1,6,343
natural,1050,0.002857142857142857,0.007619047619047619,0.9895238095238095,3,8,1039
more,14719,0.002853454718391195,0.008560364155173585,0.9885861811264353,42,126,14551
grey,705,0.0028368794326241137,0.01702127659574468,0.9801418439716312,2,12,691
Comfy,353,0.0028328611898017,0.0113314447592068,0.9858356940509915,1,4,348
wider,710,0.0028169014084507044,0.0323943661971831,0.9647887323943662,2,23,685
own,2485,0.0028169014084507044,0.053923541247484906,0.9432595573440644,7,134,2344
current,719,0.0027816411682892906,0.0027816411682892906,0.9944367176634215,2,2,715
Asian,721,0.0027739251040221915,0.0,0.9972260748959778,2,0,719
expensive,2911,0.0027481964960494676,0.01099278598419787,0.9862590175197526,8,32,2871
square,365,0.0027397260273972603,0.0273972602739726,0.9698630136986301,1,10,354
strange,732,0.00273224043715847,0.004098360655737705,0.9931693989071039,2,3,727
down,367,0.0027247956403269754,0.005449591280653951,0.9918256130790191,1,2,364
Best,1469,0.002722940776038121,0.0224642614023145,0.9748127978216474,4,33,1432
breathable,737,0.0027137042062415195,0.004070556309362279,0.9932157394843962,2,3,732
overall,2218,0.002705139765554554,0.002705139765554554,0.9945897204688909,6,6,2206
flexible,371,0.0026954177897574125,0.016172506738544475,0.9811320754716981,1,6,364
large,13055,0.002680965147453083,0.015472998851014937,0.981846036001532,35,202,12818
extended,373,0.002680965147453083,0.002680965147453083,0.9946380697050938,1,1,371
higher,1493,0.0026791694574681848,0.007367716008037508,0.9899531145344943,4,11,1478
normal,5265,0.0026590693257359924,0.010446343779677113,0.9868945868945869,14,55,5196
awful,377,0.002652519893899204,0.007957559681697613,0.9893899204244032,1,3,373
swim,380,0.002631578947368421,0.0,0.9973684210526316,1,0,379
/>My,383,0.0026109660574412533,0.07049608355091384,0.9268929503916449,1,27,355
horrible,769,0.002600780234070221,0.006501950585175552,0.9908972691807543,2,5,762
sharp,769,0.002600780234070221,0.002600780234070221,0.9947984395318595,2,2,765
softer,387,0.002583979328165375,0.007751937984496124,0.9896640826873385,1,3,383
warm,3515,0.0025604551920341396,0.0438122332859175,0.9536273115220484,9,154,3352
American,787,0.0025412960609911056,0.005082592121982211,0.9923761118170267,2,4,781
proper,790,0.002531645569620253,0.015189873417721518,0.9822784810126582,2,12,776
terrible,790,0.002531645569620253,0.01139240506329114,0.9860759493670886,2,9,779
cool,3162,0.002530044275774826,0.012333965844402278,0.9851359898798229,8,39,3115
classy,795,0.0025157232704402514,0.0037735849056603774,0.9937106918238994,2,3,790
major,816,0.0024509803921568627,0.031862745098039214,0.9656862745098039,2,26,788
daily,1640,0.0024390243902439024,0.006707317073170732,0.9908536585365854,4,11,1625
serious,412,0.0024271844660194173,0.009708737864077669,0.9878640776699029,1,4,407
constant,413,0.002421307506053269,0.004842615012106538,0.9927360774818402,1,2,410
mid,1661,0.002408187838651415,0.007826610475617099,0.9897652016857315,4,13,1644
nice,41506,0.002385197320869272,0.0149135064809907,0.9827012961981401,99,619,40788
initial,420,0.002380952380952381,0.004761904761904762,0.9928571428571429,1,2,417
Cheap,2108,0.0023719165085388993,0.006166982922201139,0.99146110056926,5,13,2090
front,2956,0.002368064952638701,0.02537212449255751,0.9722598105548038,7,75,2874
usual,1691,0.002365464222353637,0.00827912477823773,0.9893554109994086,4,14,1673
Thick,428,0.002336448598130841,0.009345794392523364,0.9883177570093458,1,4,423
Lovely,1287,0.002331002331002331,0.023310023310023312,0.9743589743589743,3,30,1254
Fantastic,431,0.002320185614849188,0.016241299303944315,0.9814385150812065,1,7,423
stylish,863,0.002317497103128621,0.01738122827346466,0.9803012746234068,2,15,846
cute,17869,0.0022944764676254966,0.013487044602384018,0.9842184789299905,41,241,17587
upper,1747,0.0022896393817973667,0.01602747567258157,0.9816828849456211,4,28,1715
silver,882,0.0022675736961451248,0.018140589569160998,0.9795918367346939,2,16,864
extra,7993,0.0022519704741648943,0.008382334542724884,0.9893656949831102,18,67,7908
available,896,0.002232142857142857,0.005580357142857143,0.9921875,2,5,889
formal,916,0.002183406113537118,0.018558951965065504,0.9792576419213974,2,17,897
curvy,922,0.0021691973969631237,0.0010845986984815619,0.9967462039045553,2,1,919
high,11068,0.0021684134441633538,0.0041561257679797615,0.9936754607878568,24,46,10998
heavier,925,0.002162162162162162,0.00972972972972973,0.9881081081081081,2,9,914
slim,1396,0.002148997134670487,0.0057306590257879654,0.9921203438395415,3,8,1385
Amazing,932,0.002145922746781116,0.01072961373390558,0.9871244635193133,2,10,920
appropriate,466,0.002145922746781116,0.006437768240343348,0.9914163090128756,1,3,462
plastic,2804,0.0021398002853067048,0.009985734664764621,0.9878744650499287,6,28,2770
feminine,469,0.0021321961620469083,0.0042643923240938165,0.9936034115138592,1,2,466
rear,472,0.00211864406779661,0.00847457627118644,0.989406779661017,1,4,467
weird,2378,0.0021026072329688814,0.010933557611438183,0.9869638351555929,5,26,2347
medium,2391,0.002091175240485153,0.016729401923881223,0.9811794228356336,5,40,2346
broad,479,0.0020876826722338203,0.012526096033402923,0.9853862212943633,1,6,472
top,5327,0.002064952130655153,0.011451098179087666,0.9864839496902572,11,61,5255
odd,981,0.0020387359836901123,0.011213047910295617,0.9867482161060143,2,11,968
average,2453,0.0020383204239706482,0.018344883815735832,0.9796167957602935,5,45,2403
low,4940,0.0020242914979757085,0.007692307692307693,0.9902834008097166,10,38,4892
smaller,8908,0.002020655590480467,0.0061742254153569825,0.9918051189941626,18,55,8835
middle,993,0.002014098690835851,0.008056394763343404,0.9899295065458208,2,8,983
removable,499,0.002004008016032064,0.026052104208416832,0.9719438877755511,1,13,485
warmer,502,0.00199203187250996,0.00398406374501992,0.9940239043824701,1,2,499
recent,506,0.001976284584980237,0.0,0.9980237154150198,1,0,505
biggest,1024,0.001953125,0.1103515625,0.8876953125,2,113,909
taller,519,0.0019267822736030828,0.0019267822736030828,0.9961464354527938,1,1,517
smart,526,0.0019011406844106464,0.0019011406844106464,0.9961977186311787,1,1,524
quick,2129,0.0018788163457022077,0.0061061531235321745,0.9920150305307656,4,13,2112
comfortable,9616,0.0018718801996672214,0.012687188019966721,0.9854409317803661,18,122,9476
smooth,1072,0.0018656716417910447,0.010261194029850746,0.9878731343283582,2,11,1059
perfect,15628,0.00185564371640645,0.004863066291272076,0.9932812899923215,29,76,15523
clean,540,0.001851851851851852,0.003703703703703704,0.9944444444444445,1,2,537
delicate,1082,0.0018484288354898336,0.011090573012939002,0.9870609981515711,2,12,1068
synthetic,553,0.0018083182640144665,0.003616636528028933,0.9945750452079566,1,2,550
younger,554,0.0018050541516245488,0.0018050541516245488,0.9963898916967509,1,1,552
genuine,558,0.0017921146953405018,0.008960573476702509,0.989247311827957,1,5,552
dressy,559,0.0017889087656529517,0.008944543828264758,0.9892665474060823,1,5,553
fat,574,0.0017421602787456446,0.012195121951219513,0.9860627177700348,1,7,566
close,575,0.0017391304347826088,0.01217391304347826,0.9860869565217392,1,7,567
whole,3466,0.0017311021350259665,0.010675129832660127,0.9875937680323139,6,37,3423
fancy,583,0.0017152658662092624,0.018867924528301886,0.9794168096054888,1,11,571
straight,588,0.0017006802721088435,0.11904761904761904,0.8792517006802721,1,70,517
protective,591,0.001692047377326565,0.00676818950930626,0.9915397631133672,1,4,586
wonderful,1776,0.0016891891891891893,0.006193693693693694,0.9921171171171171,3,11,1762
loose,4218,0.0016595542911332385,0.009009009009009009,0.9893314366998578,7,38,4173
hard,3077,0.0016249593760155996,0.005199870003249919,0.9931751706207345,5,16,3056
unique,1280,0.0015625,0.00546875,0.99296875,2,7,1271
rose,644,0.0015527950310559005,0.003105590062111801,0.9953416149068323,1,2,641
other,31910,0.0015355687872140396,0.00855531181447822,0.9899091193983077,49,273,31588
most,5271,0.0015177385695313982,0.006640106241699867,0.9918421551887687,8,35,5228
bulky,661,0.0015128593040847202,0.025718608169440244,0.972768532526475,1,17,643
tall,2013,0.0014903129657228018,0.008445106805762544,0.9900645802285146,3,17,1993
worst,676,0.0014792899408284023,0.010355029585798817,0.9881656804733728,1,7,668
like,682,0.001466275659824047,0.010263929618768328,0.9882697947214076,1,7,674
larger,9685,0.0014455343314403717,0.004130098089829634,0.99442436757873,14,40,9631
floral,695,0.0014388489208633094,0.010071942446043165,0.9884892086330935,1,7,687
bottom,2106,0.0014245014245014246,0.05270655270655271,0.9458689458689459,3,111,1992
petite,1412,0.00141643059490085,0.009915014164305949,0.9886685552407932,2,14,1396
casual,4263,0.0014074595355383533,0.007037297677691766,0.9915552427867699,6,30,4227
fantastic,724,0.0013812154696132596,0.015193370165745856,0.9834254143646409,1,11,712
teenage,744,0.0013440860215053765,0.0013440860215053765,0.9973118279569892,1,1,742
personal,1497,0.0013360053440213762,0.013360053440213761,0.9853039412157648,2,20,1475
elegant,755,0.0013245033112582781,0.005298013245033113,0.9933774834437086,1,4,750
negative,761,0.001314060446780552,0.0,0.9986859395532195,1,0,760
Thin,770,0.0012987012987012987,0.005194805194805195,0.9935064935064936,1,4,765
great,45992,0.001282831796834232,0.005935814924334667,0.9927813532788311,59,273,45660
fit,6265,0.0012769353551476455,0.0067039106145251395,0.9920191540303273,8,42,6215
bigger,5586,0.0012531328320802004,0.0051915503043322596,0.9935553168635876,7,29,5550
Decent,807,0.0012391573729863693,0.008674101610904586,0.990086741016109,1,7,799
Soft,1616,0.0012376237623762376,0.009900990099009901,0.9888613861386139,2,16,1598
Nice,19445,0.0012342504499871431,0.014913859604011315,0.9838518899460016,24,290,19131
Wonderful,813,0.0012300123001230013,0.012300123001230012,0.986469864698647,1,10,802
best,6508,0.001229256299938537,0.015980331899200985,0.9827904118008605,8,104,6396
poor,3269,0.001223615784643622,0.001223615784643622,0.9975527684307127,4,4,3261
magnetic,826,0.0012106537530266344,0.009685230024213076,0.9891041162227603,1,8,817
comfy,1653,0.0012099213551119178,0.013309134906231096,0.985480943738657,2,22,1629
back,2489,0.0012053033346725592,0.009642426677380474,0.9891522699879469,3,24,2462
first,15006,0.0011995201919232307,0.003398640543782487,0.9954018392642943,18,51,14937
skinny,1681,0.001189767995240928,0.010707911957168352,0.9881023200475907,2,18,1661
dry,841,0.0011890606420927466,0.0035671819262782403,0.995243757431629,1,3,837
only,16005,0.0011871290221805687,0.16738519212746017,0.8314276788503593,19,2679,13307
right,9407,0.0011693419793770597,0.009142128202402466,0.9896885298182204,11,86,9310
separate,859,0.0011641443538998836,0.0034924330616996507,0.9953434225844005,1,3,855
wide,3518,0.0011370096645821489,0.052870949403069925,0.9459920409323479,4,186,3328
largest,895,0.0011173184357541898,0.004469273743016759,0.994413407821229,1,4,890
last,4511,0.0011084016847705607,0.004655287076036355,0.9942363112391931,5,21,4485
free,1827,0.0010946907498631637,0.0049261083743842365,0.9939792008757526,2,9,1816
sexy,926,0.0010799136069114472,0.014038876889848811,0.9848812095032398,1,13,912
flimsy,929,0.001076426264800861,0.007534983853606028,0.9913885898815931,1,7,921
vibrant,939,0.0010649627263045794,0.006389776357827476,0.9925452609158679,1,6,932
wrong,2844,0.0010548523206751054,0.004922644163150493,0.9940225035161744,3,14,2827
certain,955,0.0010471204188481676,0.0,0.9989528795811519,1,0,954
outside,960,0.0010416666666666667,0.008333333333333333,0.990625,1,8,951
easy,2892,0.001037344398340249,0.005532503457814661,0.9934301521438451,3,16,2873
elastic,2952,0.0010162601626016261,0.00508130081300813,0.9939024390243902,3,15,2934
same,12827,0.0010134871754892024,0.004287830357838933,0.9946986824666718,13,55,12759
various,1002,0.000998003992015968,0.001996007984031936,0.9970059880239521,1,2,999
good,48160,0.0009966777408637873,0.004775747508305648,0.9942275747508306,48,230,47882
fitting,2012,0.0009940357852882703,0.02286282306163022,0.9761431411530815,2,46,1964
older,1045,0.0009569377990430622,0.0066985645933014355,0.9923444976076555,1,7,1037
Beautiful,9482,0.0009491668424383041,0.02035435562117697,0.9786964775363848,9,193,9280
third,1077,0.0009285051067780873,0.005571030640668524,0.9935004642525533,1,6,1070
sturdy,2170,0.0009216589861751152,0.015207373271889401,0.9838709677419355,2,33,2135
decent,3325,0.0009022556390977444,0.008421052631578947,0.9906766917293233,3,28,3294
typical,1132,0.0008833922261484099,0.028268551236749116,0.9708480565371025,1,32,1099
everyday,2275,0.0008791208791208791,0.005274725274725275,0.9938461538461538,2,12,2261
excellent,3414,0.0008787346221441124,0.005272407732864675,0.9938488576449912,3,18,3393
Super,4605,0.0008686210640608035,0.008251900108577633,0.9908794788273616,4,38,4563
Great,41623,0.0008649064219301829,0.008673089397688778,0.990462004180381,36,361,41226
green,2432,0.0008223684210526315,0.016858552631578948,0.9823190789473685,2,41,2389
adjustable,2452,0.0008156606851549756,0.00367047308319739,0.9955138662316476,2,9,2441
reasonable,1229,0.0008136696501220504,0.0016273393002441008,0.9975589910496339,1,2,1226
such,1258,0.000794912559618442,0.00397456279809221,0.9952305246422893,1,5,1252
open,1286,0.0007776049766718507,0.01866251944012442,0.9805598755832037,1,24,1261
few,12148,0.0007408626934474811,0.0014817253868949622,0.9977774119196575,9,18,12121
stainless,1374,0.000727802037845706,0.001455604075691412,0.9978165938864629,1,2,1371
fun,1410,0.0007092198581560284,0.01347517730496454,0.9858156028368794,1,19,1390
inside,1455,0.0006872852233676976,0.01443298969072165,0.9848797250859107,1,21,1433
better,5988,0.0006680026720106881,0.005177020708082832,0.9941549766199065,4,31,5953
previous,1515,0.0006600660066006601,0.009900990099009901,0.9894389438943895,1,15,1499
Cute,6189,0.0006463079657456778,0.011148812409112942,0.9882048796251414,4,69,6116
Poor,1587,0.000630119722747322,0.001260239445494644,0.998109640831758,1,2,1584
many,17584,0.0006255686988171065,0.0018767060964513193,0.9974977252047316,11,33,17540
different,18165,0.0006055601431323974,0.0025873933388384255,0.9968070465180292,11,47,18107
special,1680,0.0005952380952380953,0.007738095238095238,0.9916666666666667,1,13,1666
next,5184,0.0005787037037037037,0.0023148148148148147,0.9971064814814815,3,12,5169
several,8773,0.0005699304684828451,0.0020517496865382423,0.9973783198449789,5,18,8750
correct,1772,0.000564334085778781,0.002257336343115124,0.9971783295711061,1,4,1767
main,1796,0.0005567928730512249,0.037305122494432075,0.9621380846325167,1,67,1728
Excellent,3963,0.0005046681806712087,0.0063083522583901085,0.9931869795609387,2,25,3936
entire,2068,0.00048355899419729207,0.019342359767891684,0.980174081237911,1,40,2027
fast,2324,0.0004302925989672978,0.0030120481927710845,0.9965576592082617,1,7,2316
Perfect,2391,0.0004182350480970305,0.00794646591384358,0.9916352990380594,1,19,2371
multiple,2789,0.00035855145213338117,0.0014342058085335247,0.9982072427393331,1,4,2784
similar,2889,0.00034614053305642093,0.008999653859466944,0.9906542056074766,1,26,2862
Good,18549,0.00032346757237586933,0.005013747371825974,0.9946627850557982,6,93,18450
second,7021,0.0002848597065945022,0.004415325452214784,0.9952998148411907,2,31,6988
cold,4918,0.00020333468889792598,0.0036600244001626678,0.9961366409109395,1,18,4899
slip,520,0.0,0.0,1.0,0,0,520
snap,437,0.0,0.009153318077803204,0.9908466819221968,0,4,433
zippered,1024,0.0,0.001953125,0.998046875,0,2,1022
laundry,302,0.0,0.023178807947019868,0.9768211920529801,0,7,295
relaxed,348,0.0,0.008620689655172414,0.9913793103448276,0,3,345
hidden,200,0.0,0.0,1.0,0,0,200
pony,110,0.0,0.0,1.0,0,0,110
crisp,154,0.0,0.0,1.0,0,0,154
1st,680,0.0,0.0014705882352941176,0.9985294117647059,0,1,679
finished,115,0.0,0.017391304347826087,0.9826086956521739,0,2,113
Durable,136,0.0,0.014705882352941176,0.9852941176470589,0,2,134
opposite,255,0.0,0.00784313725490196,0.9921568627450981,0,2,253
antique,143,0.0,0.013986013986013986,0.986013986013986,0,2,141
careful,140,0.0,0.02142857142857143,0.9785714285714285,0,3,137
Loose,101,0.0,0.0,1.0,0,0,101
fuller,143,0.0,0.02097902097902098,0.9790209790209791,0,3,140
Black,212,0.0,0.014150943396226415,0.9858490566037735,0,3,209
chemical,164,0.0,0.0,1.0,0,0,164
First,699,0.0,0.002861230329041488,0.9971387696709585,0,2,697
diaper,220,0.0,0.0,1.0,0,0,220
ordinary,129,0.0,0.046511627906976744,0.9534883720930233,0,6,123
definite,235,0.0,0.00425531914893617,0.9957446808510638,0,1,234
nicest,187,0.0,0.016042780748663103,0.983957219251337,0,3,184
Cool,271,0.0,0.007380073800738007,0.992619926199262,0,2,269
massive,151,0.0,0.006622516556291391,0.9933774834437086,0,1,150
longest,138,0.0,0.0,1.0,0,0,138
essential,232,0.0,0.0,1.0,0,0,232
reflective,321,0.0,0.006230529595015576,0.9937694704049844,0,2,319
luxurious,117,0.0,0.02564102564102564,0.9743589743589743,0,3,114
disappointing,181,0.0,0.022099447513812154,0.9779005524861878,0,4,177
puffy,158,0.0,0.0,1.0,0,0,158
effective,150,0.0,0.02666666666666667,0.9733333333333334,0,4,146
optical,111,0.0,0.009009009009009009,0.990990990990991,0,1,110
continuous,108,0.0,0.009259259259259259,0.9907407407407407,0,1,107
fresh,231,0.0,0.008658008658008658,0.9913419913419913,0,2,229
above,120,0.0,0.0,1.0,0,0,120
well,102,0.0,0.0,1.0,0,0,102
tightest,115,0.0,0.0,1.0,0,0,115
pull,153,0.0,0.013071895424836602,0.9869281045751634,0,2,151
ill,123,0.0,0.0,1.0,0,0,123
vivid,192,0.0,0.0,1.0,0,0,192
Heavy,273,0.0,0.007326007326007326,0.9926739926739927,0,2,271
difficult,323,0.0,0.009287925696594427,0.9907120743034056,0,3,320
potential,183,0.0,0.01092896174863388,0.9890710382513661,0,2,181
noticeable,320,0.0,0.01875,0.98125,0,6,314
mild,303,0.0,0.07920792079207921,0.9207920792079208,0,24,279
early,565,0.0,0.007079646017699115,0.9929203539823008,0,4,561
olive,118,0.0,0.025423728813559324,0.9745762711864406,0,3,115
kid,129,0.0,0.06201550387596899,0.937984496124031,0,8,121
mock,105,0.0,0.01904761904761905,0.9809523809523809,0,2,103
ok,470,0.0,0.010638297872340425,0.9893617021276596,0,5,465
Pretty,1089,0.0,0.012855831037649219,0.9871441689623508,0,14,1075
fragile,105,0.0,0.02857142857142857,0.9714285714285714,0,3,102
sweet,546,0.0,0.01282051282051282,0.9871794871794872,0,7,539
aged,106,0.0,0.0,1.0,0,0,106
conservative,160,0.0,0.0,1.0,0,0,160
military,307,0.0,0.016286644951140065,0.9837133550488599,0,5,302
retail,242,0.0,0.008264462809917356,0.9917355371900827,0,2,240
denim,328,0.0,0.0,1.0,0,0,328
fair,810,0.0,0.006172839506172839,0.9938271604938271,0,5,805
fitted,324,0.0,0.0,1.0,0,0,324
precious,123,0.0,0.008130081300813009,0.991869918699187,0,1,122
versatile,338,0.0,0.029585798816568046,0.9704142011834319,0,10,328
Several,179,0.0,0.00558659217877095,0.994413407821229,0,1,178
incorrect,124,0.0,0.0,1.0,0,0,124
allergic,265,0.0,0.0,1.0,0,0,265
greatest,287,0.0,0.003484320557491289,0.9965156794425087,0,1,286
impressive,115,0.0,0.017391304347826087,0.9826086956521739,0,2,113
Plastic,127,0.0,0.015748031496062992,0.984251968503937,0,2,125
itchy,276,0.0,0.0036231884057971015,0.9963768115942029,0,1,275
Adorable,335,0.0,0.008955223880597015,0.991044776119403,0,3,332
Worst,175,0.0,0.017142857142857144,0.9828571428571429,0,3,172
ultra,163,0.0,0.012269938650306749,0.9877300613496932,0,2,161
due,181,0.0,0.0,1.0,0,0,181
exceptional,138,0.0,0.0,1.0,0,0,138
European,151,0.0,0.006622516556291391,0.9933774834437086,0,1,150
pregnant,215,0.0,0.004651162790697674,0.9953488372093023,0,1,214
snug,123,0.0,0.0,1.0,0,0,123
slimmer,219,0.0,0.0,1.0,0,0,219
dusty,119,0.0,0.01680672268907563,0.9831932773109243,0,2,117
Next,305,0.0,0.0,1.0,0,0,305
reusable,184,0.0,0.0,1.0,0,0,184
timely,590,0.0,0.0,1.0,0,0,590
darn,120,0.0,0.0,1.0,0,0,120
digital,313,0.0,0.012779552715654952,0.987220447284345,0,4,309
/>Only,137,0.0,0.12408759124087591,0.8759124087591241,0,17,120
indoor,318,0.0,0.0031446540880503146,0.9968553459119497,0,1,317
uncomfortable,533,0.0,0.009380863039399626,0.9906191369606003,0,5,528
slow,134,0.0,0.0,1.0,0,0,134
cooler,695,0.0,0.004316546762589928,0.99568345323741,0,3,692
Reasonable,104,0.0,0.0,1.0,0,0,104
solar,189,0.0,0.005291005291005291,0.9947089947089947,0,1,188
bridesmaid,109,0.0,0.0,1.0,0,0,109
humid,147,0.0,0.0,1.0,0,0,147
hardwood,176,0.0,0.0,1.0,0,0,176
center,139,0.0,0.0,1.0,0,0,139
dangle,122,0.0,0.0,1.0,0,0,122
Right,135,0.0,0.0,1.0,0,0,135
speedy,121,0.0,0.008264462809917356,0.9917355371900827,0,1,120
shaped,118,0.0,0.0,1.0,0,0,118
plus,647,0.0,0.0030911901081916537,0.9969088098918083,0,2,645
squat,314,0.0,0.0,1.0,0,0,314
crappy,194,0.0,0.010309278350515464,0.9896907216494846,0,2,192
newer,159,0.0,0.006289308176100629,0.9937106918238994,0,1,158
Huge,209,0.0,0.014354066985645933,0.9856459330143541,0,3,206
Strong,197,0.0,0.01015228426395939,0.9898477157360406,0,2,195
6th,103,0.0,0.0,1.0,0,0,103
Awful,136,0.0,0.0,1.0,0,0,136
Blue,121,0.0,0.008264462809917356,0.9917355371900827,0,1,120
Prompt,110,0.0,0.0,1.0,0,0,110
newborn,128,0.0,0.0078125,0.9921875,0,1,127
cloudy,114,0.0,0.0,1.0,0,0,114
possible,300,0.0,0.016666666666666666,0.9833333333333333,0,5,295
looser,643,0.0,0.006220839813374806,0.9937791601866252,0,4,639
inferior,121,0.0,0.0,1.0,0,0,121
reliable,136,0.0,0.029411764705882353,0.9705882352941176,0,4,132
teal,229,0.0,0.008733624454148471,0.9912663755458515,0,2,227
beaded,124,0.0,0.016129032258064516,0.9838709677419355,0,2,122
maxi,472,0.0,0.00211864406779661,0.9978813559322034,0,1,471
tactical,139,0.0,0.014388489208633094,0.9856115107913669,0,2,137
necessary,187,0.0,0.0,1.0,0,0,187
twin,148,0.0,0.006756756756756757,0.9932432432432432,0,1,147
med,125,0.0,0.008,0.992,0,1,124
Favorite,160,0.0,0.0,1.0,0,0,160
knit,129,0.0,0.05426356589147287,0.9457364341085271,0,7,122
curved,179,0.0,0.08379888268156424,0.9162011173184358,0,15,164
stray,104,0.0,0.0,1.0,0,0,104
side,118,0.0,0.00847457627118644,0.9915254237288136,0,1,117
ONLY,172,0.0,0.11627906976744186,0.8837209302325582,0,20,152
generous,291,0.0,0.01718213058419244,0.9828178694158075,0,5,286
Flattering,105,0.0,0.0,1.0,0,0,105
visible,328,0.0,0.006097560975609756,0.9939024390243902,0,2,326
ideal,202,0.0,0.0049504950495049506,0.995049504950495,0,1,201
sensory,169,0.0,0.0,1.0,0,0,169
prime,240,0.0,0.0,1.0,0,0,240
obvious,276,0.0,0.0036231884057971015,0.9963768115942029,0,1,275
awkward,590,0.0,0.003389830508474576,0.9966101694915255,0,2,588
pleasant,321,0.0,0.0,1.0,0,0,321
defective,360,0.0,0.016666666666666666,0.9833333333333333,0,6,354
lazy,139,0.0,0.007194244604316547,0.9928057553956835,0,1,138
false,348,0.0,0.0,1.0,0,0,348
grand,1094,0.0,0.008226691042047532,0.9917733089579525,0,9,1085
stupid,161,0.0,0.0,1.0,0,0,161
material,186,0.0,0.04838709677419355,0.9516129032258065,0,9,177
promotional,215,0.0,0.0,1.0,0,0,215
breezy,104,0.0,0.009615384615384616,0.9903846153846154,0,1,103
prompt,199,0.0,0.005025125628140704,0.9949748743718593,0,1,198
gag,116,0.0,0.0,1.0,0,0,116
maximum,112,0.0,0.008928571428571428,0.9910714285714286,0,1,111
plenty,111,0.0,0.009009009009009009,0.990990990990991,0,1,110
Quick,490,0.0,0.0,1.0,0,0,490
easier,151,0.0,0.0,1.0,0,0,151
Flimsy,118,0.0,0.00847457627118644,0.9915254237288136,0,1,117
surgical,335,0.0,0.023880597014925373,0.9761194029850746,0,8,327
suitable,183,0.0,0.00546448087431694,0.994535519125683,0,1,182
flowy,196,0.0,0.00510204081632653,0.9948979591836735,0,1,195
comparable,134,0.0,0.022388059701492536,0.9776119402985075,0,3,131
girly,113,0.0,0.0,1.0,0,0,113
clingy,143,0.0,0.0,1.0,0,0,143
booty,118,0.0,0.00847457627118644,0.9915254237288136,0,1,117
coolest,123,0.0,0.016260162601626018,0.983739837398374,0,2,121
Outstanding,124,0.0,0.008064516129032258,0.9919354838709677,0,1,123
wearable,126,0.0,0.015873015873015872,0.9841269841269841,0,2,124
wooden,338,0.0,0.011834319526627219,0.9881656804733728,0,4,334
elementary,113,0.0,0.008849557522123894,0.9911504424778761,0,1,112
cross,104,0.0,0.0,1.0,0,0,104
wee,163,0.0,0.006134969325153374,0.9938650306748467,0,1,162
Top,270,0.0,0.011111111111111112,0.9888888888888889,0,3,267
western,150,0.0,0.013333333333333334,0.9866666666666667,0,2,148
inner,1513,0.0,0.013218770654329148,0.9867812293456708,0,20,1493
attached,139,0.0,0.0,1.0,0,0,139
sterling,515,0.0,0.007766990291262136,0.9922330097087378,0,4,511
static,158,0.0,0.0,1.0,0,0,158
colder,452,0.0,0.0,1.0,0,0,452
deeper,133,0.0,0.05263157894736842,0.9473684210526315,0,7,126
Simple,264,0.0,0.022727272727272728,0.9772727272727273,0,6,258
Sturdy,318,0.0,0.0031446540880503146,0.9968553459119497,0,1,317
Many,712,0.0,0.0028089887640449437,0.9971910112359551,0,2,710
stronger,174,0.0,0.005747126436781609,0.9942528735632183,0,1,173
4th,302,0.0,0.009933774834437087,0.9900662251655629,0,3,299
primary,191,0.0,0.015706806282722512,0.9842931937172775,0,3,188
honest,4411,0.0,0.00022670596236681024,0.9997732940376332,0,1,4410
modest,450,0.0,0.008888888888888889,0.9911111111111112,0,4,446
Large,1180,0.0,0.015254237288135594,0.9847457627118644,0,18,1162
Wrong,207,0.0,0.0,1.0,0,0,207
Overall,623,0.0,0.014446227929373997,0.985553772070626,0,9,614
Attractive,135,0.0,0.022222222222222223,0.9777777777777777,0,3,132
Different,170,0.0,0.0058823529411764705,0.9941176470588236,0,1,169
significant,246,0.0,0.012195121951219513,0.9878048780487805,0,3,243
greater,114,0.0,0.008771929824561403,0.9912280701754386,0,1,113
limited,215,0.0,0.0,1.0,0,0,215
acceptable,102,0.0,0.0,1.0,0,0,102
popular,169,0.0,0.005917159763313609,0.9940828402366864,0,1,168
convenient,227,0.0,0.0,1.0,0,0,227
Terrible,648,0.0,0.004629629629629629,0.9953703703703703,0,3,645
public,205,0.0,0.00975609756097561,0.9902439024390244,0,2,203
senior,140,0.0,0.0,1.0,0,0,140
softest,228,0.0,0.03070175438596491,0.9692982456140351,0,7,221
High,1071,0.0,0.0018674136321195146,0.9981325863678805,0,2,1069
excess,451,0.0,0.013303769401330377,0.9866962305986696,0,6,445
wet,612,0.0,0.004901960784313725,0.9950980392156863,0,3,609
closer,197,0.0,0.0,1.0,0,0,197
Irish,101,0.0,0.0,1.0,0,0,101
immediate,129,0.0,0.0,1.0,0,0,129
sensitive,1260,0.0,0.0007936507936507937,0.9992063492063492,0,1,1259
junior,218,0.0,0.0,1.0,0,0,218
unbiased,800,0.0,0.0,1.0,0,0,800
messy,126,0.0,0.023809523809523808,0.9761904761904762,0,3,123
under,268,0.0,0.0037313432835820895,0.996268656716418,0,1,267
spare,333,0.0,0.018018018018018018,0.9819819819819819,0,6,327
rainy,288,0.0,0.0,1.0,0,0,288
gold,340,0.0,0.023529411764705882,0.9764705882352941,0,8,332
helpful,250,0.0,0.0,1.0,0,0,250
minimal,518,0.0,0.011583011583011582,0.9884169884169884,0,6,512
flattering,1706,0.0,0.0035169988276670576,0.9964830011723329,0,6,1700
seamless,153,0.0,0.006535947712418301,0.9934640522875817,0,1,152
further,161,0.0,0.0,1.0,0,0,161
moderate,224,0.0,0.0,1.0,0,0,224
superior,130,0.0,0.007692307692307693,0.9923076923076923,0,1,129
Solid,311,0.0,0.012861736334405145,0.9871382636655949,0,4,307
Only,523,0.0,0.14340344168260039,0.8565965583173997,0,75,448
crazy,413,0.0,0.004842615012106538,0.9951573849878934,0,2,411
Second,322,0.0,0.003105590062111801,0.9968944099378882,0,1,321
Weird,277,0.0,0.007220216606498195,0.9927797833935018,0,2,275
Long,207,0.0,0.01932367149758454,0.9806763285024155,0,4,203
outstanding,168,0.0,0.011904761904761904,0.9880952380952381,0,2,166
slender,231,0.0,0.012987012987012988,0.987012987012987,0,3,228
intended,126,0.0,0.047619047619047616,0.9523809523809523,0,6,120
visual,168,0.0,0.005952380952380952,0.9940476190476191,0,1,167
brief,119,0.0,0.01680672268907563,0.9831932773109243,0,2,117
vest,119,0.0,0.025210084033613446,0.9747899159663865,0,3,116
worse,136,0.0,0.007352941176470588,0.9926470588235294,0,1,135
Tight,102,0.0,0.0196078431372549,0.9803921568627451,0,2,100
informed,132,0.0,0.0,1.0,0,0,132
fourth,150,0.0,0.006666666666666667,0.9933333333333333,0,1,149
New,140,0.0,0.007142857142857143,0.9928571428571429,0,1,139
Stunning,111,0.0,0.02702702702702703,0.972972972972973,0,3,108
False,126,0.0,0.0,1.0,0,0,126
Complete,145,0.0,0.0,1.0,0,0,145
empty,136,0.0,0.0,1.0,0,0,136
fold,135,0.0,0.007407407407407408,0.9925925925925926,0,1,134
numerous,560,0.0,0.005357142857142857,0.9946428571428572,0,3,557
flip,876,0.0,0.00228310502283105,0.997716894977169,0,2,874
social,154,0.0,0.0,1.0,0,0,154
metallic,297,0.0,0.003367003367003367,0.9966329966329966,0,1,296
present,237,0.0,0.0,1.0,0,0,237
washable,201,0.0,0.0,1.0,0,0,201
organic,110,0.0,0.0,1.0,0,0,110
unexpected,164,0.0,0.018292682926829267,0.9817073170731707,0,3,161
sleek,254,0.0,0.0,1.0,0,0,254
Better,282,0.0,0.0,1.0,0,0,282
oncoming,111,0.0,0.0,1.0,0,0,111
/>These,642,0.0,0.04205607476635514,0.9579439252336449,0,27,615
smallest,757,0.0,0.001321003963011889,0.9986789960369881,0,1,756
broken,542,0.0,0.00922509225092251,0.9907749077490775,0,5,537
fabulous,264,0.0,0.003787878787878788,0.9962121212121212,0,1,263
Fabulous,109,0.0,0.0,1.0,0,0,109
horizontal,167,0.0,0.005988023952095809,0.9940119760479041,0,1,166
boxy,262,0.0,0.011450381679389313,0.9885496183206107,0,3,259
swollen,132,0.0,0.015151515151515152,0.9848484848484849,0,2,130
ample,316,0.0,0.0,1.0,0,0,316
frequent,199,0.0,0.005025125628140704,0.9949748743718593,0,1,198
/>This,101,0.0,0.039603960396039604,0.9603960396039604,0,4,97
narrow,1144,0.0,0.012237762237762238,0.9877622377622378,0,14,1130
magnifying,167,0.0,0.0,1.0,0,0,167
specific,573,0.0,0.006980802792321117,0.9930191972076788,0,4,569
secure,349,0.0,0.0057306590257879654,0.994269340974212,0,2,347
highest,395,0.0,0.005063291139240506,0.9949367088607595,0,2,393
tunic,476,0.0,0.0021008403361344537,0.9978991596638656,0,1,475
padded,313,0.0,0.022364217252396165,0.9776357827476039,0,7,306
arch,889,0.0,0.0011248593925759281,0.9988751406074241,0,1,888
interior,416,0.0,0.004807692307692308,0.9951923076923077,0,2,414
Fast,1549,0.0,0.0006455777921239509,0.9993544222078761,0,1,1548
grown,153,0.0,0.032679738562091505,0.9673202614379085,0,5,148
secret,138,0.0,0.014492753623188406,0.9855072463768116,0,2,136
slippery,185,0.0,0.016216216216216217,0.9837837837837838,0,3,182
Light,1068,0.0,0.0018726591760299626,0.99812734082397,0,2,1066
overnight,181,0.0,0.011049723756906077,0.988950276243094,0,2,179
Smooth,103,0.0,0.0,1.0,0,0,103
identical,177,0.0,0.011299435028248588,0.9887005649717514,0,2,175
asian,107,0.0,0.009345794392523364,0.9906542056074766,0,1,106
sole,246,0.0,0.024390243902439025,0.975609756097561,0,6,240
5th,209,0.0,0.014354066985645933,0.9856459330143541,0,3,206
Easy,462,0.0,0.0021645021645021645,0.9978354978354979,0,1,461
cropped,190,0.0,0.015789473684210527,0.9842105263157894,0,3,187
youngest,119,0.0,0.0,1.0,0,0,119
safe,401,0.0,0.04488778054862843,0.9551122194513716,0,18,383
curly,124,0.0,0.0,1.0,0,0,124
sunny,431,0.0,0.002320185614849188,0.9976798143851509,0,1,430
baggy,422,0.0,0.004739336492890996,0.995260663507109,0,2,420
unflattering,259,0.0,0.011583011583011582,0.9884169884169884,0,3,256
Most,597,0.0,0.008375209380234505,0.9916247906197655,0,5,592
busty,300,0.0,0.0033333333333333335,0.9966666666666667,0,1,299
MANY,121,0.0,0.01652892561983471,0.9834710743801653,0,2,119
unusual,227,0.0,0.004405286343612335,0.9955947136563876,0,1,226
rectangular,133,0.0,0.06015037593984962,0.9398496240601504,0,8,125
Gorgeous,802,0.0,0.014962593516209476,0.9850374064837906,0,12,790
sporty,184,0.0,0.010869565217391304,0.9891304347826086,0,2,182
mixed,218,0.0,0.0045871559633027525,0.9954128440366973,0,1,217
sleeveless,423,0.0,0.01182033096926714,0.9881796690307328,0,5,418
general,306,0.0,0.016339869281045753,0.9836601307189542,0,5,301
nicer,387,0.0,0.012919896640826873,0.9870801033591732,0,5,382
Full,154,0.0,0.006493506493506494,0.9935064935064936,0,1,153
royal,386,0.0,0.0051813471502590676,0.9948186528497409,0,2,384
key,2170,0.0,0.002304147465437788,0.9976958525345622,0,5,2165
backup,133,0.0,0.007518796992481203,0.9924812030075187,0,1,132
silly,138,0.0,0.007246376811594203,0.9927536231884058,0,1,137
coral,195,0.0,0.015384615384615385,0.9846153846153847,0,3,192
rugged,169,0.0,0.0,1.0,0,0,169
accent,163,0.0,0.018404907975460124,0.9815950920245399,0,3,160
brilliant,146,0.0,0.0136986301369863,0.9863013698630136,0,2,144
bent,136,0.0,0.014705882352941176,0.9852941176470589,0,2,134
disposable,287,0.0,0.06968641114982578,0.9303135888501742,0,20,267
cozy,356,0.0,0.014044943820224719,0.9859550561797753,0,5,351
online,533,0.0,0.00375234521575985,0.9962476547842402,0,2,531
2nd,1114,0.0,0.005385996409335727,0.9946140035906643,0,6,1108
rubbery,142,0.0,0.007042253521126761,0.9929577464788732,0,1,141
widest,134,0.0,0.014925373134328358,0.9850746268656716,0,2,132
LONG,103,0.0,0.21359223300970873,0.7864077669902912,0,22,81
temporary,105,0.0,0.0,1.0,0,0,105
3rd,608,0.0,0.006578947368421052,0.993421052631579,0,4,604
Bottom,174,0.0,0.034482758620689655,0.9655172413793104,0,6,168
worn,127,0.0,0.0,1.0,0,0,127
Lightweight,175,0.0,0.005714285714285714,0.9942857142857143,0,1,174
Vibrant,228,0.0,0.0,1.0,0,0,228
Extra,118,0.0,0.025423728813559324,0.9745762711864406,0,3,115
lowest,110,0.0,0.0,1.0,0,0,110
windy,317,0.0,0.006309148264984227,0.9936908517350158,0,2,315
chilly,377,0.0,0.010610079575596816,0.9893899204244032,0,4,373
cheapest,257,0.0,0.0,1.0,0,0,257
covid,106,0.0,0.009433962264150943,0.9905660377358491,0,1,105
individual,337,0.0,0.0,1.0,0,0,337
waterproof,248,0.0,0.028225806451612902,0.9717741935483871,0,7,241
practical,228,0.0,0.017543859649122806,0.9824561403508771,0,4,224
physical,263,0.0,0.022813688212927757,0.9771863117870723,0,6,257
supportive,166,0.0,0.018072289156626505,0.9819277108433735,0,3,163
polished,232,0.0,0.004310344827586207,0.9956896551724138,0,1,231
oldest,118,0.0,0.0,1.0,0,0,118
sore,158,0.0,0.0,1.0,0,0,158
loud,159,0.0,0.0,1.0,0,0,159
sloppy,126,0.0,0.0,1.0,0,0,126
positive,1099,0.0,0.0,1.0,0,0,1099
patriotic,101,0.0,0.039603960396039604,0.9603960396039604,0,4,97
post,106,0.0,0.009433962264150943,0.9905660377358491,0,1,105
common,285,0.0,0.03859649122807018,0.9614035087719298,0,11,274
partial,146,0.0,0.0136986301369863,0.9863013698630136,0,2,144
Medium,258,0.0,0.011627906976744186,0.9883720930232558,0,3,255
adequate,199,0.0,0.01507537688442211,0.9849246231155779,0,3,196
athletic,1438,0.0,0.0013908205841446453,0.9986091794158554,0,2,1436
past,782,0.0,0.0012787723785166241,0.9987212276214834,0,1,781
outer,1130,0.0,0.02566371681415929,0.9743362831858408,0,29,1101
ridiculous,151,0.0,0.006622516556291391,0.9933774834437086,0,1,150
dual,129,0.0,0.007751937984496124,0.9922480620155039,0,1,128
automatic,282,0.0,0.014184397163120567,0.9858156028368794,0,4,278
bare,303,0.0,0.0165016501650165,0.9834983498349835,0,5,298
